possession_id,global_id,team_id,start_frame_proc,confirmed_frame_proc,end_frame_proc,evidence_frames,min_distance_m,max_distance_m,mean_distance_m,start_ball_x_m,start_ball_y_m,end_ball_x_m,end_ball_y_m
0,23,team_1,2,4,35,34,0.9842382440417615,1.4870093473261208,1.2235693343043312,20.129720826940954,9.705894909798925,22.073226118297775,8.83399770324139
1,23,team_1,37,39,42,6,1.3630248284512338,1.449428718052841,1.3980442743301476,22.07473088452803,8.871956775476725,22.45594633024265,8.692640279986309
2,3,team_1,49,51,51,3,0.9090786473268245,1.0188311279936455,0.9634173512327934,22.97792480246137,8.303866353887718,23.123683740507257,8.332167411021436
3,3,team_1,66,68,68,3,1.0151521355956916,1.0935959796832875,1.053006422816267,25.133053206658147,6.834112408381926,25.35311321351731,6.713853864660459
4,18,team_0,100,102,103,4,1.2941063026491344,1.4856502431693146,1.3929576864202962,27.924854117026236,5.223098378130667,28.070868299551726,5.227306630105345
5,10,team_0,104,106,110,7,1.019205253733156,1.3540249387748193,1.1850492864072204,28.15654811379569,5.1793441750463005,28.437989526703053,5.051745663677077
6,18,team_0,111,113,124,14,0.6848324435700031,1.381289042609535,0.9762068497342788,28.523408584609456,5.040771704853871,28.602166850722888,5.306120791302996
7,10,team_0,130,132,137,8,0.7521946911493763,1.0001098810548232,0.8837688624500738,28.68245357036135,5.164005858494309,28.74780591241831,5.361635533285027
8,18,team_0,138,140,145,8,0.7312048699565669,1.0757529577361402,0.9231068167060608,28.689740246016786,5.420927721979075,28.6866765152496,5.694665904838871
9,10,team_0,148,150,154,7,0.44979039239449314,0.6610309425811751,0.5330726889905334,28.698627925221384,5.7340690929436,28.744927124278377,5.925914959746232
10,18,team_0,155,157,157,3,0.3029487736395417,0.39170617586703865,0.35029855019215006,28.7314485881336,6.007844613386969,28.728649620040013,6.035909916188085
11,3,team_1,166,168,173,8,0.41425362325201626,1.3565287265801291,0.8201756467378956,27.52641999694913,7.160158055509853,26.518268102824575,8.083516733603588
12,20,team_0,238,240,279,42,0.47008131973166006,1.4642036997955143,0.6980084780226665,20.941205588723243,14.530214950395628,18.195364624890825,17.65915731844302
13,20,team_0,283,285,286,4,0.8705254101524631,0.9109131523304212,0.8846042485484578,18.068338503995864,17.66615036734288,18.00033396505263,17.710342279799665
14,20,team_0,299,301,321,23,0.7523893929532265,1.1297480422845436,0.9102255552725151,17.40147316238613,17.501528934960785,16.30651049023261,17.310143694570414
15,3,team_1,322,324,324,3,1.0049975748545692,1.1141409493777013,1.0591032316089009,16.26914554417294,17.33556541086664,16.137933386441045,17.349871030101337
16,20,team_0,325,327,332,8,0.779049175679869,0.9795112405312588,0.8240992450998393,16.0956555460085,17.391392882451033,15.722871533165529,17.265596064685916
17,3,team_1,338,340,341,4,0.45611272297889394,0.8862687567880155,0.6456846335554984,15.485981772873812,17.324072245332957,15.135390080650375,17.678704903199073
18,20,team_0,348,350,387,40,0.1906844847525943,1.098967121625453,0.8857224448986306,14.457513603938063,18.592718771769608,12.09125813409885,21.37003872276307
19,0,team_1,388,390,401,14,0.23419968995790555,0.5657297755598685,0.4449245298268946,12.048264688713092,21.36319387693569,12.033661451607014,21.468668119534104
20,0,team_1,405,407,416,12,0.07165512311095472,0.5128881313850363,0.25432145156722036,12.340586437775496,21.51283957240587,13.17266550177123,21.441827016544917
21,13,team_0,417,419,422,6,0.3948719652210421,0.4543054776749832,0.4128994543651581,13.227109546360852,21.45044709893798,13.438965321732322,21.464964831422595
22,0,team_1,423,425,428,6,0.40430235546674476,0.5867898609054396,0.45666168272775853,13.470603063866296,21.45324759054004,13.654789237775315,21.45491074872251
23,13,team_0,429,431,433,5,0.3891180013750061,0.4908717888795848,0.41535327934079225,13.707395590520003,21.462867028326105,13.821456457063839,21.478501228352286
24,0,team_1,434,436,436,3,0.1954959057907416,0.3950470098398166,0.26759955060996493,13.921075707051237,21.494724127165217,14.333138430712774,21.555137346210206
25,0,team_1,441,443,446,6,0.45930039738486683,0.6527505898494299,0.5474111979531088,15.44415395080264,21.493404279286956,16.203400264094086,21.292797548787824
26,0,team_1,766,768,788,23,0.6316371944705902,1.277065423793227,0.8573275382640233,13.663009470967047,12.94972738393368,14.864851241859258,12.914677425633643
27,22,team_0,796,798,798,3,0.8975128306865642,1.417180955563905,1.1668066674016517,14.560742946765227,13.372367916565327,14.229424467263009,13.245583296567082
28,22,team_0,800,802,804,5,1.191975803913596,1.452244824588761,1.3519386360197199,14.155487867577747,13.531522937694106,14.194378827061998,14.299918567582809
29,0,team_1,805,807,810,6,1.1888001996619737,1.4964752906521235,1.3852669705920138,14.060858941425172,14.34911232492951,13.846366877938683,14.92947722904524
30,0,team_1,815,817,817,3,1.4826687565709271,1.4950090633790554,1.4883439986862292,13.632265910937246,15.499522415332953,13.537537509124146,15.612035798585813
31,26,team_1,870,872,874,5,0.7584517439500861,1.2446880536594833,0.9392716025442371,10.786141891488422,19.563506976226947,10.65687731742201,19.826834020794927
32,32,team_1,1030,1032,1033,4,0.11605806530308141,0.4094223201555923,0.2709081284113272,17.24398337993561,0.003888040328392448,17.1726628046363,0.08279744091190926
33,32,team_1,1035,1037,1063,29,0.26996164334371403,0.7220405986149097,0.5262681445532839,17.093677142292133,0.08377590542433369,16.58279716665451,1.2596729757143315
34,32,team_1,1074,1076,1077,4,1.124814018374581,1.2626236827728394,1.2151775601626247,16.40398263905162,1.6309374058824797,16.3336799454394,1.7305414334993972
35,1,team_1,1115,1117,1144,30,0.38355166774007715,1.0019719081437353,0.7497074711797197,12.04043466121966,7.885934618402613,13.144248976294874,9.572759592059926
36,32,team_1,1208,1210,1216,9,1.0560036765405711,1.3764737434149668,1.1568997281064952,19.614806026779117,3.8855096551625476,20.034449590388725,3.9306284702997027
37,16,team_1,1256,1258,1264,9,0.5399520749415962,1.4291511557490588,0.862272776720236,24.379716424076133,2.946573376873555,23.903714755070325,3.579463260273268
38,25,team_0,1279,1281,1283,5,1.046356248058498,1.3155246004109449,1.201478372476048,23.40343134679636,4.389874966620914,23.302003620569284,4.423461087880781
39,2,team_0,1303,1305,1306,4,1.241798034491882,1.3833816363897304,1.2820661785777283,21.96515173066669,4.728428494267966,21.48403921675924,4.915444515205057
40,16,team_1,1401,1403,1403,3,0.7330535550712876,1.2622746449325704,0.9946876596221769,22.184334986120067,4.024663978226548,22.18427918612097,4.396811917308394
41,32,team_1,1741,1743,1744,4,0.6078737904464925,0.9365568827888161,0.7517203985387306,18.531272681804996,-0.3870566962718297,18.525134289412584,-0.40451773184395323
42,6,team_1,1818,1820,1841,24,0.38047668784407207,1.4509096789710791,1.115096775022905,11.296590629731005,6.007451153143029,11.731445853490548,6.432147173975534
43,6,team_1,1851,1853,1854,4,0.3571838111973159,0.6158959806775451,0.4406189780716525,12.058022272562685,7.071156478120775,12.086270837235483,7.2454529193680735
44,6,team_1,1859,1861,1862,4,0.42451594578993246,0.76752071607644,0.5978352640002633,12.225936225359206,7.553441075345705,12.23800468968793,7.569396346398686
45,23,team_1,1930,1932,1943,14,0.6833158624662162,1.449904132144324,1.0002796341957914,20.370225610500167,14.92635311531111,20.07418962817952,13.863935028556199
46,23,team_1,1945,1947,1953,9,0.539576969166274,1.492484420367562,1.0023300110149105,20.01797674594089,13.698807076296427,19.837955745589927,13.114016856616548
47,23,team_1,1997,1999,2005,9,1.0576696002983699,1.3430451485806354,1.164144931392606,18.944076316529223,10.455547637602127,18.549909933688618,10.048734578180776
48,20,team_0,2289,2291,2296,8,0.3491546983445591,1.3435314562016691,0.7157752981267963,26.031116590279122,14.209704324238329,26.910163643047127,15.75568064833335
49,0,team_1,2761,2763,2774,14,0.3223196100441013,1.3860236298932593,0.8153377892445681,21.078648505726814,10.639666489292921,20.034117348558627,9.742012013194014
50,0,team_1,2778,2780,2869,92,0.13476342962538035,1.3996929923679584,0.8449480668348166,19.60932554488999,9.568061190464439,16.23806412683443,16.397842815645035
51,0,team_1,2873,2875,2923,51,0.005474673426144587,0.9352993607876896,0.30320322937310373,16.215750791280765,16.852172642615013,16.86086022196739,20.861062873592083
52,0,team_1,2928,2930,2943,16,0.48731706070007397,0.8665078417694383,0.6220959978950986,17.02259493432413,20.646815970168266,17.162624755088554,19.84298137879065
53,0,team_1,2968,2970,2982,15,0.5248983900009797,1.3699613058589106,0.8981514324589271,17.324084693883922,16.085446705443808,17.46765277562067,14.702653970765903
54,14,team_0,3026,3028,3029,4,1.1936334113383027,1.4246752813148407,1.3097792606768253,22.897414748095567,14.452481318051738,23.16574469592929,14.432400171708545
55,14,team_0,3035,3037,3062,28,0.07047522091152279,1.067387386803156,0.5852366672774698,23.735879715638,14.427287910542816,24.91814779897982,14.206980671756124
56,0,team_1,3063,3065,3067,5,0.973497507035563,1.1049752929721728,1.0459611213153657,24.890972859386338,14.204514046286386,24.966753300224187,14.187524317862488
57,14,team_0,3068,3070,3072,5,0.8877593676047535,1.0796786978904764,1.0060226660701628,24.98486023811523,14.1599075271121,25.048040826250904,14.11856138114234
58,5,team_0,3103,3105,3121,19,0.06700070501909654,0.7768304756280141,0.4739067298509666,26.007990020792604,13.363837420136054,25.97843471715443,14.517963679652432
59,14,team_0,3257,3259,3282,26,0.3778045838248562,1.4688809983173012,0.7452583818941988,25.229807541858506,16.780161167446224,25.471686002420878,14.715040574436873
60,13,team_0,3283,3285,3300,18,1.0140408995796533,1.4628037815704524,1.2573462728770342,25.48754949811426,14.621103541160723,25.586795923526598,13.406516237023046
61,6,team_1,3301,3303,3325,25,0.6929783412066205,1.4050116672167485,0.9532391728757738,25.589894279305543,13.372669989288696,25.588224297025217,12.10781400026161
62,6,team_1,3330,3332,3345,16,0.1692001065744792,0.5711511029422776,0.3727811966693797,25.41140976074046,12.033492931462135,24.981716986889126,12.359703726221738
63,0,team_1,3346,3348,3412,67,0.05112416793076518,0.6024815750293118,0.3343119567853209,24.955592749969796,12.484236041715473,24.15693304869932,19.10632316591048
64,11,team_1,3717,3719,3719,3,1.3547949252255729,1.4825021323878256,1.400296869548183,14.716015782880765,0.1952413698842087,14.611742311676483,0.017394590005966937
65,11,team_1,3727,3729,3729,3,1.2720574786957275,1.4670639104890382,1.3438697884799893,14.312013596034626,-0.3917274109672066,14.241317341622109,-0.4278345382934567
66,11,team_1,3733,3735,3877,145,0.24627960976704075,1.3930992542539344,0.911660173551623,14.103570201677345,-0.39114269582699307,12.04989160303112,7.960477123350736
67,0,team_1,3906,3908,3922,17,0.7919443101566592,1.2859575804440477,1.0398177574901293,13.272997315774036,15.828260195481697,13.853470186971988,16.749235744377675
68,0,team_1,3927,3929,3962,36,0.1844073440038204,0.7421099361526446,0.5123015797335263,14.846662125613003,17.10117129634214,19.17962625885093,18.855249701778405
69,20,team_0,4042,4044,4044,3,0.5405764192941072,1.03643991891359,0.7697857237728781,30.072216407047634,19.897535944663232,30.195015583473868,19.41877856881282
70,22,team_0,4045,4047,4056,12,1.022840764523122,1.488993198355775,1.2252639885610848,30.255389810478878,19.176563209559788,30.784418939643956,17.855093517087987
71,1,team_1,4076,4078,4102,27,0.9114887835483753,1.4958542551875051,1.2735483494731004,31.590783915163595,15.403983462524451,32.04541756532696,13.006993745624454
72,1,team_1,4107,4109,4113,7,1.0963507418807827,1.369690402016376,1.2974110552634708,31.836344677198625,12.443607087852923,31.5875004108712,11.776244923531317
73,11,team_1,4114,4116,4123,10,0.22126593117157778,1.4361640473510793,0.9384717847551574,31.53022555148922,11.688739839209834,31.25536275005255,10.674101059766798
74,12,team_0,4140,4142,4145,6,1.0770761704913947,1.1931558483943296,1.1570180178574443,30.677095378316512,9.24732997260519,30.621302130003052,8.849530083056228
75,12,team_0,4152,4154,4164,13,0.5611373297828544,1.4489176233490113,0.7469192288892311,30.82502032605643,8.616614520859246,31.248624599629512,7.979786100632671
76,12,team_0,4166,4168,4169,4,0.9420773780416627,1.4230122994288519,1.1952870676565774,31.15263295163691,7.792586796897719,30.92644173567454,7.576702827953018
77,1,team_1,4172,4174,4189,18,0.15314464894406934,0.951164757058898,0.5621863037937833,30.39244505396556,8.066410766348378,29.037574919869016,8.025944643781576
78,1,team_1,4205,4207,4207,3,1.0454054522889624,1.2953144599359159,1.1442021768674164,27.88665786642465,7.972664363645016,27.679761621917187,7.969350043982772
79,12,team_0,4208,4210,4223,16,1.0318584186616981,1.3587213146469914,1.2164562550213587,27.637748635986878,8.048162537297015,26.624835322651307,8.244857773001499
80,1,team_1,4224,4226,4226,3,0.7717014984948116,1.0289545325048213,0.8750362336846119,26.589078590484405,8.273112597102015,26.422750505576246,8.477595196307853
81,12,team_0,4229,4231,4248,20,0.47489913991970656,1.2621482721667465,0.8973140952631299,26.169517528922515,8.487610502261214,24.12429446463521,9.250259019876687
82,12,team_0,4251,4253,4260,10,0.5128073770281868,1.214955096683908,0.8040176602595311,23.786429400153654,9.405267186976323,22.767818938833333,10.06119961190376
83,12,team_0,4264,4266,4284,21,0.49745263980878324,1.1309355879168743,0.8367040000999391,22.341749570908398,10.27068245500532,20.274715311169224,11.348946215803748
84,12,team_0,4286,4288,4295,10,0.44202544388674636,0.5853586425922247,0.5174842565771212,20.10532800836661,11.504082308709872,19.547517818326376,12.309922833935717
85,12,team_0,4313,4315,4320,8,0.5181579259559642,0.752076882512195,0.6798394589415118,18.989034409312374,12.210018748392335,18.75672721622096,12.161256756853602
86,1,team_1,4321,4323,4324,4,0.7216660578446997,0.8305215391350749,0.7571130975273345,18.742965792159097,12.008798749189118,18.519737770499503,11.778665220813926
87,12,team_0,4325,4327,4330,6,0.21045080677122305,0.8562021436034377,0.539330670311487,18.511516380621046,11.706627519391093,18.68558700709006,12.374201806328822
88,1,team_1,4331,4333,4363,33,0.08334083722103243,0.7618928301297919,0.4600829954501318,18.7467526765165,12.422931762189497,19.953003014474156,13.09172432261944
89,1,team_1,4367,4369,4378,12,0.8329046774617381,1.3589682691623663,1.0683732998362132,20.161560109980037,12.954365245883627,20.80403008642961,12.531073492206046
90,1,team_1,4402,4404,4416,15,0.7322318936382447,1.4837406048775073,1.1944327816542821,22.030201421791336,10.599236533679148,22.51192728898313,9.451202152754975
91,1,team_1,4422,4424,4433,12,0.7698315191351798,1.227544687304021,1.0501495374540513,22.958705810420824,9.58600222661299,23.604525965409426,9.152828481645654
92,23,team_1,4476,4478,4478,3,0.4040885288246274,0.725788400637838,0.55455687559187,27.24044511457613,4.2577271252173645,27.30594525200786,4.205864686379455
93,23,team_1,4513,4515,4515,3,1.0862014773971687,1.4557618864682604,1.310998229999352,29.51610750396589,2.9491808630664775,29.655895379441855,3.01322780289532
94,25,team_0,4636,4638,4642,7,0.6165443275140374,1.2333001847290164,0.976098316017089,35.075972841489474,4.671599021624489,35.36145715502083,4.691976483230274
95,12,team_0,4677,4679,4697,21,0.6168901914025334,1.491916418071802,0.9786244110215546,37.73105320347973,7.444035165670495,38.138062232511125,9.335983847543758
96,11,team_1,4699,4701,4705,7,1.1352354114279866,1.3878995192075818,1.2373163214681477,38.14030236233063,9.298138780634483,38.371928744991045,10.186063456350205
97,23,team_1,5339,5341,5342,4,0.40731597226060146,0.6600122819517634,0.5843578448053091,18.545877546260495,9.113813588639212,18.189908644690185,8.831059164909052
98,23,team_1,5347,5349,5368,22,0.5100683743477942,0.8453200162327499,0.7345877018258743,18.538941204958185,9.037661244783543,19.535100973799885,8.91892698639069
99,23,team_1,5379,5381,5385,7,1.239418193088515,1.291176932284014,1.266718303769867,19.797514436923045,8.78572486732865,19.887651487598436,8.814349526688916
100,1,team_1,5386,5388,5405,20,1.2448930487433807,1.4828950594645771,1.3734771236779804,19.906802672482957,8.822707644216521,20.069154726291174,8.763450894174882
101,23,team_1,5409,5411,5423,15,0.2018213548821098,1.1509930226127432,0.7733489631179794,20.083531440517966,8.774023691114902,20.55701976238808,9.719143005081031
102,20,team_0,5424,5426,5426,3,0.18991390944885075,0.3486990786595738,0.28875159085650354,20.613447103662757,9.796363784515494,20.74289064154906,10.130816538988922
103,20,team_0,5428,5430,5433,6,0.18311445713690416,0.7649291968372876,0.5014589642656871,20.80913957543187,10.269710794322041,21.033697460220733,10.757017229861322
104,1,team_1,5434,5436,5437,4,0.9558216075345908,1.0859604513373278,1.0100854563309019,21.09018112443951,10.889594473349842,21.2034563042264,11.123850764250378
105,20,team_0,5439,5441,5443,5,1.1737153260801472,1.4254523310890006,1.3097587049660335,21.28428545249378,11.366076741575723,21.50960089981027,11.711878904404749
106,20,team_0,5448,5450,5452,5,1.3172715723713582,1.437754444446795,1.3889195652720305,21.68519832553741,12.133761213671589,21.8500282612485,12.477662012188617
107,20,team_0,5455,5457,5494,40,0.1746099751981697,1.4378006552241909,0.6693542284515889,21.983221898801048,12.772554790393347,23.230083843490764,14.718302669431116
108,23,team_1,5495,5497,5503,9,0.7904514423222974,1.1461151144093742,0.9098404435528535,23.229701799404832,14.665502304665281,23.39879327793692,14.400267450315416
109,1,team_1,5538,5540,5637,100,0.04863482535128246,1.1278944291347293,0.6463417392117244,21.276678379801705,13.529484698600383,12.921241856582574,12.35276392641464
110,15,team_1,5669,5671,5703,35,0.18555230945110535,1.429698596391346,0.8999524596934279,15.556611666370868,7.181164074332979,16.382401891743704,6.673152349678399
111,15,team_1,5722,5724,5737,16,1.0203291989286727,1.3863005326138709,1.1692403816879913,18.856204531263444,6.584108082326086,20.576228181283582,6.262509333454813
112,11,team_1,5779,5781,5811,33,0.7706651713079483,1.1001898858367989,0.9322098055531847,27.180821467371306,4.246430842452056,28.658465417176522,6.13848405482228
113,22,team_0,6251,6253,6375,125,0.6210723533980895,1.4380878914972848,0.8433134371585735,29.644754297889005,11.828509128664379,22.248384805651078,11.285784058089813
114,20,team_0,6409,6411,6459,51,0.3206836195328342,1.4829828610494833,0.7542811178865193,21.005881967753886,10.807110797129692,21.915791085265734,11.231810691147238
115,17,team_0,6467,6469,6482,16,0.17239408725244812,0.6593361045637937,0.4183792227180046,22.263846244186066,11.537617290719645,22.61819326983345,11.25588546091332
116,17,team_0,6504,6506,6602,99,0.21689162917942104,1.4830966175860123,0.8681638189634894,22.441416997144856,10.568197919396823,22.456191766774353,11.434250231640988
117,5,team_0,6636,6638,6683,48,0.757828732489012,1.4943856914814548,1.088375259379385,27.753951329167922,13.47291491026376,26.285741128822412,12.604145246267775
118,3,team_1,6692,6694,6694,3,0.6950771590079076,1.3371756689835455,1.0054681019990241,24.019763468006705,12.836048306364553,23.729432048159566,12.449162279749553
119,19,team_1,6699,6701,6752,54,0.17645666152423872,1.4644630781082328,0.6523430920162508,23.164783476349637,12.792616511876545,20.713388245786216,13.066904755024831
120,17,team_0,6753,6755,6757,5,0.7126032050671751,0.9492675722783996,0.8096872704671375,20.679530494029052,12.965906298439343,20.531865990848686,13.312787265774988
121,19,team_1,6758,6760,6769,12,0.3791857053264469,0.6409874869748599,0.5098747008452961,20.53316299766421,13.368125774499436,20.210929140418514,13.74271193518974
122,17,team_0,6801,6803,6803,3,1.4553150828498518,1.4997496398249535,1.4837845200407445,16.566532880280644,11.811989182239584,16.330931043222087,11.777670376905222
123,17,team_0,6808,6810,6810,3,1.2403342350994777,1.2529806456685695,1.2458735201494473,15.889449984663974,11.472898897441272,15.755220206839578,11.337288023820971
124,5,team_0,7130,7132,7133,4,0.18792456945430835,0.9999648317287068,0.479367616294132,25.953676898986423,14.501139208121511,25.77132619737416,14.485457169494504
125,18,team_0,7301,7303,7338,38,0.11206051062155946,1.4958873016878884,0.7976027747221646,35.43369095378693,7.811864545576005,35.17783922523951,8.536073124607528
126,18,team_0,7344,7346,7358,15,0.09304604326886994,1.140429402086797,0.8550743834695727,35.126686058717645,8.795746059336857,34.99220900218971,9.938020358701598
127,18,team_0,7363,7365,7368,6,0.2344513181965689,0.8633270142516906,0.5139533716502521,34.645645551578674,11.361205138615732,34.497662929953066,12.381377310197871
128,20,team_0,7410,7412,7413,4,1.1242520400447038,1.4863990040500028,1.296389480090359,32.83864553546424,19.30206742798501,32.745825435645884,19.648888742678714
129,4,team_0,7482,7484,7494,13,0.45794933072202015,1.376062360004805,0.7760724449479078,39.01995865655871,16.663066974062644,39.80151176967702,15.974184292351358
130,14,team_0,7713,7715,7725,13,0.5768985662113615,1.2581270348671743,0.725629403557064,29.545398839232547,14.192024423926274,29.258893784249064,15.597857409873777
131,20,team_0,7726,7728,7729,4,0.9133186378455503,1.0615950255482645,1.0133897814711381,29.243327545319886,15.697562363255212,29.498474800653188,15.631026594586857
132,14,team_0,7730,7732,7733,4,0.6431557806254848,0.7131290710192443,0.6905204732967248,29.480648947203456,15.668175413560727,29.40786793277415,15.912248903095122
133,20,team_0,7734,7736,7741,8,1.0322432136802249,1.127166216003697,1.0855080309114007,29.425904706590227,15.892991028995334,29.55159118674724,15.91269643766998
134,5,team_0,7742,7744,7755,14,0.3947943493622874,0.8008567761048798,0.505207323524014,29.57876221313338,15.867019384954276,29.76461874221979,15.97008644820683
135,5,team_0,7759,7761,7770,12,0.1528802132469107,0.3883045901220975,0.2636962625983153,29.799056881596094,15.88524525391208,29.57360560575615,15.704824315504935
136,0,team_1,7776,7778,7781,6,0.45409400416424434,0.6532556572064451,0.5559290330376171,29.940384117940866,15.836745276983383,29.844736086723504,16.15869817588828
137,5,team_0,7782,7784,7798,17,0.29479983218463063,0.6765530818963572,0.5308777355073291,29.83289039566407,16.22872161710216,29.943162714698495,16.40137009720514
138,1,team_1,7813,7815,7825,13,0.5545293854554393,1.2680435829305634,0.825498397366962,26.480302221476517,17.80666918364506,24.738163006104216,18.634674398037216
139,11,team_1,7923,7925,7950,28,0.24790072509611044,1.4647008931469014,0.690356018205598,12.479180394104716,17.54798663358034,9.918609536456005,13.597401818106349
140,11,team_1,7957,7959,8023,67,0.06164154153828137,1.478229243224858,0.6678729730670192,10.531852140723664,13.395797748727603,13.495760950733393,12.557402277481037
141,11,team_1,8107,8109,8110,4,1.3422888419345194,1.4053645172012679,1.3773975003511718,19.389551860655455,2.040102729839896,19.47001865208732,1.7712797584345443
142,11,team_1,8116,8118,8122,7,0.507468165693848,1.4639324383622936,0.8007727572422791,19.636582168587758,1.1462781251822365,19.801773482175815,0.9379683227774337
143,11,team_1,8153,8155,8155,3,1.267402457000778,1.397570309975161,1.334160474305022,20.497460779313506,0.009811339451821326,20.487041859843306,0.04359686226746602
144,11,team_1,8162,8164,8165,4,0.9184139994457746,1.0643897749847464,0.9838106646680499,20.428323674112832,0.40488845788257377,20.428828406084744,0.4064044241265517
145,11,team_1,8176,8178,8181,6,1.049663868635524,1.4583668328601849,1.2562061492520067,20.34934882201772,0.6717482067432454,20.318255874073767,0.6913336299603198
146,19,team_1,8247,8249,8266,20,0.6079818165640989,1.3033142506206128,1.0471553307022525,15.06159035137448,14.16093440969227,16.165145745222656,15.390943662160838
147,14,team_0,8267,8269,8278,12,0.6833034045678834,1.4555500447979222,1.1056387364355633,16.405870362166684,15.589854250550994,18.033090786090437,16.58688339158617
148,19,team_1,8290,8292,8313,24,0.4830583765582307,1.4862126686007167,0.9457300427073303,19.309568929508828,17.386360722658676,21.617919063477988,18.376498157395968
149,4,team_0,8469,8471,8478,10,0.3492928431503824,0.7034600027364885,0.5114129255755241,40.69675648425166,15.578472733264867,40.794820790347856,15.330980566569236
150,16,team_1,9090,9092,9131,42,0.2349807399691572,1.3639747052138913,0.7291314524277304,16.893759048148702,5.973995151863891,16.775299320279252,6.718673928771815
151,12,team_0,9246,9248,9249,4,0.7355537687258378,1.4029183132000318,1.0644411338593678,23.063165691397078,-0.3361468261061417,23.145568947671823,-0.303206951961199
152,12,team_0,9281,9283,9283,3,0.9052945351421475,0.9564475759477513,0.9347291576251541,23.136781039132725,-0.2614582283440533,23.10332804465091,-0.22255600740304546
153,12,team_0,9287,9289,9290,4,0.9448344063455977,1.1871273317910513,1.0861076273699153,22.979380125541187,-0.2814330820309049,22.930470382278653,-0.26663943060325046
154,12,team_0,9313,9315,9325,13,1.0693284160022092,1.2698128899821102,1.1714744334306268,22.521158235087647,-0.13150899507037597,22.393322828447037,0.0362118968738283
155,3,team_1,9489,9491,9493,5,0.9061836233825133,1.2786460547279779,1.0509732655692225,20.336024319884064,10.526593001282686,20.19582224408785,11.355303168374716
156,3,team_1,9538,9540,9544,7,0.6628856931651106,1.015906017733245,0.8458828523640339,26.62558885223291,14.213439152993967,27.28816704149651,14.630485007246737
157,13,team_0,10005,10007,10009,5,1.1317977098687806,1.3605811664852812,1.2047723458989634,36.39850119167914,9.97595433985573,36.72109829105793,9.881262280230692
158,19,team_1,10306,10308,10325,20,0.7541238940819601,1.1158272487053988,0.9837235198559047,16.838263863684666,6.763468190314365,16.249280289208112,7.437656173142916
159,10,team_0,10733,10735,10737,5,1.3856095151520795,1.457906231098027,1.4194028954279663,19.67984676498359,15.679781535956826,19.41878126616789,14.776576904411545
160,2,team_0,10967,10969,10970,4,1.1455204573755369,1.3957499959556139,1.235224987370994,1.7385002227654929,9.514022687991242,1.813114022290833,9.743482227435605
161,29,team_0,10971,10973,11001,31,0.38432409562941516,1.4198629871798847,0.7777022577943985,1.8065710620369635,9.79789480236464,2.238520806977602,11.646482681144505
162,14,team_0,11098,11100,11119,22,0.7705258088821856,1.4471116813657312,1.0447984680424296,23.426405021968232,15.682933786132713,22.46204882038486,17.1971439438952
163,20,team_0,11125,11127,11159,35,0.5522033830358098,1.3895272280384834,0.8574339148348942,22.138356919622865,17.50530470567744,21.693319860767666,17.93318928955844
164,1,team_1,11164,11166,11170,7,0.6606654854011453,1.4913898044720537,1.0484152990947115,20.157648278382393,17.027915171929255,19.788260587618314,17.039718712351398
165,1,team_1,11172,11174,11175,4,1.423047487685351,1.468508705842208,1.4395817711741221,19.82020939419723,17.420434098873976,19.83139101517242,18.06708811086854
166,5,team_0,11413,11415,11420,8,1.1254039219854928,1.1445404651981703,1.1346777175427318,21.60172545935191,16.945357532721854,21.600574340411836,16.941746735161846
167,11,team_1,11732,11734,11739,8,1.0899737627492687,1.3753253181163612,1.1909386194163851,9.57150151795173,12.287967629189199,8.973764648516163,11.10507831421141
168,11,team_1,11749,11751,11786,38,0.716730719445976,1.253748494915023,1.0465880386904916,8.586437416127076,11.767034884729792,7.515208262724722,13.353418797294282
169,11,team_1,11790,11792,11794,5,0.9868326594590615,1.1497221158069557,1.0821529266365377,7.667482182738081,13.558162724829067,7.694585631342425,13.687021326455575
170,19,team_1,11802,11804,11840,39,0.30218763041382524,1.139304206359464,0.6892169881620391,7.806958618436647,13.914626822940043,9.130833745176265,14.803703958582238
171,19,team_1,11845,11847,11884,40,0.42438241643410957,1.4153634599778393,0.9692912030136543,9.350374891686531,15.0151668845541,11.273883371923525,13.490553854390546
172,2,team_0,11939,11941,11950,12,0.3436099849164106,1.3768911714931211,0.8891942117008117,20.145303023448825,4.382918504961373,20.453794334957866,5.061854556523511
173,18,team_0,12022,12024,12024,3,0.9631577239804062,1.0043283673806565,0.9846819643086867,28.458897894912845,6.4316066720495915,28.601457424580026,6.250147824635083
174,18,team_0,12028,12030,12030,3,0.1011973116150864,0.22236252891514993,0.16403113437199512,28.611443609158904,6.58972576901554,28.699174811373652,6.598766603701237
175,13,team_0,12458,12460,12460,3,0.9053410947577543,0.9250203892405993,0.9171275443481708,30.248283846335493,22.87691587622983,30.228784667350233,23.2005078080491
176,13,team_0,12468,12470,12472,5,0.9854392655161491,1.0412242363599649,1.004429793863063,30.264844434601766,23.05671581479604,30.313765559844366,22.748424264491366
177,19,team_1,12673,12675,12715,43,0.049615997470257335,1.3985705961739507,0.502857205744832,16.873738523920792,12.783315862933259,15.720925370706379,11.734261525237258
178,19,team_1,12719,12721,12764,46,0.0540201713054986,1.1074539435405892,0.7436565296154747,16.224462635030957,11.766831264806275,18.49338873104294,12.135587026790494
179,0,team_1,12791,12793,12799,9,0.6228733045420382,1.3724235522014803,0.9073980483855694,20.597037413584797,17.885396721274528,21.028649840046054,18.750024880783865
180,5,team_0,12849,12851,12851,3,0.56455514388625,0.8670843926920244,0.7491384832193974,25.6339478780467,15.900822727367157,25.797808079691226,15.627716209053924
181,1,team_1,12922,12924,12927,6,0.7012176011781802,1.3708652208576848,0.887459797768368,27.1974444355969,11.365332429362004,26.744232454314908,11.17070701416227
182,23,team_1,12928,12930,12930,3,1.2136030643051556,1.3362780261646374,1.2953542201522275,26.634813829958834,11.146597520269218,26.511183561180538,11.1176627151664
183,1,team_1,12931,12933,12936,6,0.41193919505375737,0.6106614972259997,0.543026724548261,26.419580869546703,11.104203870503344,26.072712835533512,11.092360843406388
184,5,team_0,12968,12970,12973,6,1.1088372455488265,1.201414867253924,1.1600138928661774,24.37573674411136,11.192998946029887,24.485132278445437,11.23382963746863
185,5,team_0,12985,12987,12989,5,0.7200981494374128,0.8726164189671431,0.7648925925141831,24.803439905400552,11.87861427029225,24.934482211331485,12.220453354657922
186,6,team_1,12990,12992,13000,11,0.48588629143567064,0.7430693898385778,0.5785601718384803,24.944534913889594,12.222593487223968,25.160023527800533,12.851637787108086
187,6,team_1,13005,13007,13009,5,0.4797691672350901,0.6241965494835285,0.5805201076301871,25.25792613942087,13.140187302501628,25.374320005577548,13.431573099524968
188,6,team_1,13019,13021,13025,7,0.5771173026685037,0.7105339915141397,0.6350415600522092,25.2397976477323,13.458099813518574,25.245876135331315,13.612164491547498
189,14,team_0,13057,13059,13061,5,0.33647482742032014,0.8308475641937715,0.5567227663882722,26.154312800776086,13.2429728295294,26.31776553994037,13.188675227575512
190,5,team_0,13062,13064,13064,3,1.2143901412269016,1.2236571263270652,1.2192086177102432,26.296540618421837,13.102656282247755,26.253363670824264,12.927114533576058
191,5,team_0,13072,13074,13075,4,1.183315358460506,1.2391072176736728,1.2029778791245314,25.92796380503208,12.422756720250865,25.97896872948939,12.344284286480022
192,13,team_0,13076,13078,13078,3,0.8224086879136014,1.3337501160573322,1.1102886097068005,25.967600259442,12.263731029592314,25.93293970929805,12.147878538237908
193,5,team_0,13082,13084,13090,9,1.1015495678828346,1.321453821475179,1.1734444676016085,25.92197438543216,12.01139768349295,25.928359361105635,11.769655274573106
194,5,team_0,13094,13096,13101,8,0.7794973748748463,1.2283874738613692,1.0727483385524275,25.77915096100269,11.484522490479526,25.46214643455252,11.162482692388874
195,5,team_0,13103,13105,13107,5,0.962987841988825,1.0288824257796478,0.9854632650412425,25.285774050628014,10.979128970980518,24.96737754724584,10.782152324984638
196,5,team_0,13118,13120,13125,8,0.7209768580843248,1.0831251632200343,0.8614369579309302,25.205703346025384,10.734596776950443,25.176339008483534,10.923115175803177
197,3,team_1,13128,13130,13130,3,0.5571099852409754,0.6386453742390636,0.6113505366386113,25.213735273242154,10.579046215982823,25.16756535746605,10.880888085046706
198,13,team_0,13131,13133,13140,10,0.8211822878935905,1.1029919300553674,0.8995117871421398,25.198284135618643,10.782847518259318,25.063619947831715,11.204268152215844
199,5,team_0,13143,13145,13196,54,0.15068188087035866,0.7642903982700882,0.40817152309224103,24.987584106944972,11.368235178015277,24.001151076816786,12.696521137312656
200,5,team_0,13200,13202,13204,5,0.07359565380289142,0.43680442952258314,0.27272567665679165,23.986258645806036,12.605163852738235,23.799462931061342,12.62566436492628
201,5,team_0,13209,13211,13212,4,0.5716039556205618,0.7624186643681704,0.6550087779619694,23.31079785786695,12.634509768520235,23.076407201672662,12.595955663875534
202,20,team_0,13213,13215,13222,10,0.37777266522200514,0.7904462444098711,0.564357146980347,23.033943179094265,12.616632518638273,22.414073722795816,12.39537267170922
203,0,team_1,13249,13251,13261,13,0.20548994143545102,0.6197657435146945,0.42851199086774905,17.38587587474295,13.990781579833731,18.0765276165983,14.717328214267322
204,1,team_1,13262,13264,13269,8,0.29172238032322084,0.6100424636989016,0.45560295277077656,18.157833771143377,14.765096000907125,18.358176598063523,15.125575592650977
205,1,team_1,13277,13279,13279,3,0.6410716375885259,0.7703409972916343,0.7005840230312966,18.516056609405133,14.929778848211225,18.505554412083406,14.910718472885963
206,1,team_1,13282,13284,13292,11,0.8345693461929266,1.4749038362947207,1.252399137960114,18.749578724650117,14.86949257046972,19.071832456671814,14.67317794465391
207,1,team_1,13300,13302,13302,3,1.0983624235625522,1.3046955130575928,1.1868300307899815,19.26720687758815,14.612935642819346,19.381580735628262,14.575475339139908
208,20,team_0,13303,13305,13308,6,0.7911493423886012,1.0549898153851895,0.8947082726250813,19.360160313022305,14.619084332814063,19.34046251909918,14.713384387369361
209,20,team_0,13311,13313,13317,7,0.8382611066016087,1.0209797304669705,0.9064922168610197,19.321012775915722,14.591154166418857,19.25231247121839,14.430251382497353
210,1,team_1,13323,13325,13336,14,0.5015640536756762,1.3809789268368702,0.7647226202681718,19.28719943652604,14.739231678539154,18.843001968001634,14.297320886110693
211,0,team_1,13370,13372,13377,8,1.1002532749111755,1.4896540487236354,1.2625203738448696,16.68091931056428,12.441743272195314,16.111520455976446,11.97928088901901
212,19,team_1,13382,13384,13391,10,0.6639760007007367,1.4094313688162734,0.9616010771228399,15.516489899727226,11.695475915418523,14.46586263968298,11.180790862672064
213,19,team_1,13395,13397,13399,5,0.23083374358189315,0.8816573095594241,0.6096127906574506,14.103869703159045,11.130746855878138,13.6746231773955,10.928471530896637
214,11,team_1,13443,13445,13450,8,1.2950928319272386,1.4847992585968015,1.392442381850618,16.52621434225509,6.160928193572269,16.751251631346044,5.586331815710789
215,1,team_1,13943,13945,13980,38,0.01440787477166968,0.7515684100445833,0.2754672630315243,12.678035635723672,12.042868484321964,15.926959098056896,15.369365213347315
216,1,team_1,13994,13996,14021,28,0.3559741437402676,0.8553265414930689,0.6611525480620761,18.540541575340622,16.08361594183236,22.199919780556883,17.51261594900645
217,22,team_0,14334,14336,14336,3,0.9895793153611354,1.0054603342968553,0.997190901493418,30.264509823812606,22.574356278337746,30.262255329791834,22.462922949663596
218,22,team_0,14343,14345,14346,4,0.8896859625484483,0.9305106179344994,0.9109301902074287,30.31001185522109,22.5845803115311,30.316898176534227,22.76386485045543
219,22,team_0,14362,14364,14365,4,0.2062179666867233,0.4297505302957079,0.31722864865143885,30.258829471389983,22.914873026929463,30.200877095648426,23.007496502087196
220,11,team_1,14499,14501,14502,4,0.7519394149946845,1.4455679983885894,1.067218253599128,35.213630099060055,15.223231510532024,35.384537121028885,14.886042544275334
221,4,team_0,14818,14820,14831,14,1.1246324331934403,1.4502462302555525,1.3506174115258744,41.71303916727599,1.5522030549149397,41.77490199705882,1.3745435105477224
222,4,team_0,14857,14859,14868,12,0.9041430010648068,1.2117881644598274,1.1018641296961649,40.944647023989624,2.195633966580333,40.502509184312274,2.763297874131097
223,4,team_0,14876,14878,14881,6,1.0251936694442687,1.4059770058066778,1.1592427855893874,40.612118357121744,2.4955702495749796,40.64412616942393,2.181517562465909
224,4,team_0,14890,14892,14898,9,0.3564664749109698,0.8692565615954333,0.6207389478990455,41.00370891636287,1.5886899662335052,40.74436333589914,2.312357389962546
225,4,team_0,14908,14910,14966,59,0.19375072290132644,1.2024436563751155,0.8678851319697616,40.63767908872542,2.5837378558365787,40.02983589522082,3.2908612452793227
226,4,team_0,14969,14971,15021,53,0.25633264097841696,1.4536647239987273,0.9761883517359005,40.22582253817111,3.0911305906365256,40.5802681689709,2.7086616001206263
227,16,team_1,15126,15128,15130,5,1.20965353485592,1.4500276030963708,1.3005408849348703,40.41865897476657,3.023193000681164,40.00242142250686,3.4812225726954793
228,35,team_1,15161,15163,15169,9,0.7925600505679283,0.8883722777288448,0.8419500470610495,41.66308578375595,-0.07057565434309372,40.36882334901281,3.0830486805785338
229,11,team_1,15277,15279,15279,3,0.14495068944328576,1.174966364707561,0.7710383530962016,30.1056827408219,7.477203892337691,30.723735250017743,5.435633215538585
230,11,team_1,15289,15291,15291,3,0.5929968411181777,1.2285501864006507,0.8174146464478763,30.159766126935033,5.046723792045813,29.378703979994736,6.308977706830334
231,1,team_1,15293,15295,15296,4,0.11694978214588611,1.3398763748480513,0.721793000029753,28.50795686272895,8.701818592791389,27.63341367457853,11.130328677768667
232,1,team_1,15300,15302,15310,11,0.30757284007230684,1.4089143836121525,0.7751298783668396,27.55243765601475,9.885495430977622,26.023648729261893,12.542128013775061
233,1,team_1,15353,15355,15364,12,1.2505347714766584,1.4405443559731017,1.3526030796856476,21.15483398927292,18.00444917688161,19.86671796874516,18.982036456410007
234,3,team_1,15423,15425,15437,15,0.2834765180281039,1.400759691545065,0.6664910667078037,11.613518368053986,19.569864618575515,10.58021123257543,18.95939543120983
235,3,team_1,15439,15441,15442,4,0.42565045098476595,1.2469180027382338,0.775447273861977,10.053492892736344,18.6204027186716,9.983848760898928,18.59060427496108
236,3,team_1,15503,15505,15505,3,1.3673166968991153,1.4230833621209684,1.3987864714504308,3.526806617298939,14.711438009945294,3.39977829113381,14.657482573700735
237,15,team_1,15563,15565,15566,4,1.372315465166405,1.4787202104776789,1.429917694520014,2.7877615335549293,5.79642273620876,2.6714621487120227,5.453338328834309
238,26,team_1,16284,16286,16295,12,0.9136885268982489,1.012293775017062,0.9532848408228713,4.594016394509113,5.960998375948041,4.344160575100518,5.749721587030921
239,25,team_0,16812,16814,16821,10,1.2174548418256825,1.4647333249889474,1.3173877176781663,14.378141620484806,1.9259645267337426,15.536049496478423,3.177313788828753
240,10,team_0,16826,16828,16916,91,0.05383399412979021,1.4395201829765663,0.6430225832743124,16.15837759525601,3.84002031476573,24.720198431009873,12.076027361970556
241,12,team_0,16986,16988,17016,31,0.12777550139255367,1.4181333292269154,0.8546342791245037,21.11914628689048,5.878589783254428,20.217640806162905,4.50984820943874
242,2,team_0,17121,17123,17123,3,1.0388081861580738,1.45509348342711,1.29176261662609,10.678259043064745,0.40391342926210094,10.697517293302152,0.4081224294415863
243,10,team_0,17236,17238,17238,3,1.1360618393418007,1.3025825380851876,1.227914353645841,16.044818886207896,3.4941163502336408,16.048737630206897,3.5358052756655067
244,1,team_1,17254,17256,17258,5,0.4864136736097114,0.6543757474588606,0.5581104646052124,16.735527116226514,3.4437443710884206,17.233600237162257,4.595602587216894
245,10,team_0,17259,17261,17301,43,0.2568003949774409,0.9843519949737651,0.45074551722519324,17.30643970145636,4.664026799221528,18.954169100707727,6.6004766298496635
246,10,team_0,17308,17310,17311,4,0.5750303385069626,1.070539844597376,0.8801784729229944,19.17721183402619,6.605784655970128,19.444096080958627,6.902103896425267
247,10,team_0,17313,17315,17318,6,0.21347896096374303,0.6938770574293223,0.3571739195370785,19.751585681203952,7.422508975545309,20.21128076486969,8.178337273034101
248,10,team_0,17321,17323,17323,3,0.4753768110850618,0.5476925588375767,0.5234715654313096,20.398087350805103,8.410564703121137,20.56844677046392,8.634241742328362
249,1,team_1,17324,17326,17327,4,0.7424176371983735,0.8581978245276982,0.7855388094893052,20.650891472215434,8.757855283488482,20.82450810823023,9.004324312638841
250,1,team_1,17329,17331,17350,22,0.6940074792835077,1.439112040304087,1.0437589746846756,21.001006564605312,9.239297081367745,22.269995852192125,11.237629593827885
251,1,team_1,17352,17354,17358,7,1.2955350268008712,1.497759165277624,1.3905362763021611,22.28631627912094,11.438440111711657,22.605350778156453,11.798307505542182
252,2,team_0,17364,17366,17400,37,0.09084726905734342,1.4038420617817708,0.7124639516457746,22.902173649596186,12.372603646085695,24.536934623058105,15.245327216649432
253,1,team_1,17401,17403,17406,6,0.7226666384097125,0.8469024617085728,0.7749538251150861,24.533688059694647,15.315187835345782,24.71596260581537,15.714554891134995
254,1,team_1,17423,17425,17425,3,1.2539803640136025,1.408366735735287,1.3382830873960054,25.76386668160257,16.1655836024124,25.87099591158131,16.08579951406984
255,2,team_0,17435,17437,17445,11,0.4827452524481647,1.1040867771284024,0.8461882113448234,26.497496407957225,16.232968628818167,27.029378438311745,15.639697324802986
256,2,team_0,17455,17457,17457,3,1.1783134398783672,1.4060281183996743,1.281300860685838,27.39743643730632,14.83853971805378,27.494123891133658,14.679851851188186
257,2,team_0,17468,17470,17473,6,0.15968280012495847,1.1516777010923982,0.4506076556433234,27.965445426108566,13.62760335201573,28.140338355684467,13.231483146289836
258,6,team_1,17584,17586,17602,19,0.627643376092703,1.4976607241361122,0.9857396141314951,24.73768682738156,0.34960239500151385,24.723791565100182,0.5387588387543903
259,6,team_1,17608,17610,17683,76,0.8621533695631758,1.4216111394833226,1.12123554455855,24.709695121437004,0.6147342800367693,24.733799823419126,0.8997975381586041
260,6,team_1,17711,17713,17757,47,1.1732105348520214,1.480112129573156,1.2711784259148717,24.76066404841983,0.7862556396008381,24.790384893031273,0.7098551501656155
261,6,team_1,17764,17766,17815,52,0.20969438589779973,1.38466185673041,0.7467605067259099,24.77286298664715,0.7317836315417506,24.778339861681665,0.746272692478103
262,10,team_0,17841,17843,17844,4,0.8963940254707907,1.4261099893837532,1.1753490909300917,24.97368062251604,7.766153561581433,25.483440150592113,5.452425015463627
263,10,team_0,17852,17854,17855,4,0.31061153487194093,1.2224932931353099,0.7548452337457803,25.931683819333955,5.869400278745985,25.72982655264422,8.286531553486407
264,22,team_0,17856,17858,17859,4,0.7123696690807183,1.1158754178844248,0.9355910592927548,25.72298994184744,8.881019307240999,26.045607275895527,8.689568558190114
265,10,team_0,17860,17862,17863,4,0.6706552031390396,1.0147037248842752,0.807779816699704,26.222155948304632,8.286626353558916,26.70698707764774,7.819515548648473
266,11,team_1,17864,17866,17866,3,0.7140800341879927,0.7778353076919191,0.7398682729341332,26.80085426670998,8.053544815520791,26.880744985445844,8.360371257984443
267,22,team_0,17867,17869,17871,5,0.4965595799140445,1.3525756430832474,0.8335718429793711,26.882175098170517,8.879203610994091,26.665908966309917,11.189118060305955
268,22,team_0,17874,17876,17878,5,0.8949964291583031,1.2847676564624906,1.131733633016447,26.99173938004123,11.10099941141422,27.569595619963888,10.175476928639617
269,22,team_0,17883,17885,17885,3,1.3685856225499455,1.4390588490785146,1.4012702982424161,27.709433837898587,11.109993752107284,27.600608777608265,11.838725956901998
270,22,team_0,17889,17891,17892,4,1.262004299877976,1.3401378854960753,1.2939566387416868,27.905746227176962,12.01308577825557,28.01710802198384,11.851614517294747
271,5,team_0,17927,17929,17936,10,0.6707931383582391,1.3725916818169241,1.0391108025383369,32.4239017590289,12.42195654073855,33.195898589567825,12.35095287204995
272,10,team_0,18115,18117,18134,20,0.38229289721825066,1.455543820309421,1.1191907978252655,31.054500870200215,12.55324454057125,31.380415733919673,12.703751315145283
273,10,team_0,18139,18141,18144,6,0.6407174658913203,0.8136623067942725,0.7108666878583142,31.446924022851825,12.716631822628546,31.482857481084135,12.744300628455346
274,10,team_0,18149,18151,18152,4,0.7700964057831359,0.9232610069373078,0.8287147819323325,31.505975184918185,12.677899691876105,31.529604586941886,12.658448274716992
275,12,team_0,18197,18199,18215,19,0.22128952566932375,1.4770574525941544,0.8459102752610865,35.70118360099936,11.386842593332974,36.481590685176556,11.882368072898773
276,12,team_0,18238,18240,18248,11,1.1868244444201541,1.4673166813579128,1.3906765301972566,37.473250992910764,13.851038812329008,37.72802005371962,14.764907489408438
277,13,team_0,18249,18251,18318,70,0.23725923870697327,1.3987362289597343,0.8772347527764013,37.804751348402654,14.766413766620191,37.888006525349994,21.034617262702575
278,1,team_1,18887,18889,18901,15,1.1286889327770313,1.4303249936584177,1.3458609891823865,23.901758813405475,5.619460543313221,23.92793692251458,5.980112263683416
279,1,team_1,18910,18912,18916,7,1.3212551595365731,1.4620250862971556,1.3699518049456476,23.920087720231603,6.210799959440619,23.92319383633871,6.310963043096614
280,8,team_1,18958,18960,18973,16,0.4123782639845063,0.5735440000378835,0.5002800792500337,26.9536527278862,7.4791611002354035,27.503883558104143,8.287754187724087
281,3,team_1,18974,18976,18977,4,0.5665227646768333,0.6111218160790136,0.5899182806189388,27.54267851309037,8.331016231470567,27.639055034126603,8.458475123418792
282,3,team_1,18979,18981,19026,48,0.0865854138720126,0.9288704173336321,0.6340251632474104,27.705581619564093,8.587314757551791,29.261262222891023,10.433687948356447
283,1,team_1,19080,19082,19088,9,0.2501931657751375,0.7172146665060322,0.4467713758369825,27.43040563543085,11.13334120490925,27.681793312197012,11.598023875524113
284,1,team_1,19092,19094,19102,11,0.7289061795459095,1.0961683361035837,0.8634977687437277,27.82732529723958,11.83912245695567,28.096694574279205,12.475161348924537
285,22,team_0,19103,19105,19112,10,0.645463386891613,1.0873766912961191,0.7907211636934104,28.122353555186205,12.570908366605838,28.391121751558792,13.012754264025213
286,20,team_0,19113,19115,19119,7,0.18694948236267173,0.6755096365438099,0.3976503643973112,28.419359454779784,13.079148702051453,28.64697234776747,13.3039832987167
287,22,team_0,19120,19122,19125,6,0.4334340879881495,1.0967755426836854,0.7680186081599096,28.632890988201762,13.329591891714324,28.887174305305038,13.220458436069535
288,20,team_0,19126,19128,19136,11,0.4126161903082774,1.2363263003271034,0.8575113230461627,29.02048970047518,13.18670648526521,29.56029119451386,14.22517400360918
289,5,team_0,19139,19141,19154,16,0.6679555144194572,1.2264750906437363,0.913146416187404,29.6432135811018,14.38708737039777,29.72386070444205,15.094877869878845
290,19,team_1,19155,19157,19157,3,0.6279876859043028,0.6862702796400648,0.651728478519692,29.69668990871977,15.150296449559432,29.777174055955115,15.26944252188902
291,8,team_1,20073,20075,20077,5,0.4625273240113666,1.1504539310218145,0.6903733990139236,8.901814436245594,15.769061582552347,9.449824912023656,15.740396889775724
292,20,team_0,20078,20080,20082,5,0.14154945187776383,0.7849998301480966,0.5094564631419671,9.866080055475544,15.946876772220659,11.425615922733053,16.83664166618105
293,20,team_0,20106,20108,20109,4,1.221092829348497,1.462992778625423,1.3096770128099942,13.516150710801554,15.53715596850205,13.834308435958183,15.41774243395676
294,20,team_0,20115,20117,20119,5,1.2783700422732216,1.4840006894374023,1.380169186994145,14.272575696215592,15.061214483314213,14.520754682996925,14.964306133385898
295,1,team_1,20125,20127,20128,4,1.0003017462183397,1.0515597192145163,1.018711623096189,14.421479082489737,14.379534911262507,14.306681944485593,14.10673263641353
296,20,team_0,20142,20144,20161,20,1.0021864668753544,1.4670012982322989,1.2725283897468682,15.33993381180068,11.961119373435032,16.535367222323078,10.653605148680029
297,8,team_1,20176,20178,20179,4,0.7822748566596205,1.243608260562121,1.0466152722044202,16.745225653042436,9.501430962995654,16.507718668218804,9.209077997291244
298,20,team_0,20204,20206,20208,5,0.35614749560058134,0.4883109895535239,0.4338693636686772,17.470833018832604,10.401727911581188,17.514815535901093,10.442634987500853
299,20,team_0,20215,20217,20221,7,0.32294897008189316,0.5107649699100785,0.4327307096686021,17.724044937617876,10.590266253553423,17.862287697347593,10.570508520297535
300,20,team_0,20226,20228,20228,3,0.548355303284116,1.0448577573967075,0.7529579216412575,18.446677766509257,10.378890494447672,18.659539847519373,10.35752275380445
301,22,team_0,20229,20231,20232,4,1.2296180974846285,1.4839554523621832,1.3103090627726663,18.74888360619698,10.332618114038217,18.940837963277165,10.291308924562495
302,22,team_0,20260,20262,20264,5,1.2227541551475534,1.4623961771958052,1.296487457416518,19.53382891505805,9.912859742912701,19.610827692236974,9.84424460563446
303,8,team_1,20265,20267,20269,5,0.5526096362245637,0.697532532634591,0.6150281617447244,19.62588210578855,9.82142579220771,19.67980924177067,9.704976790974788
304,8,team_1,20286,20288,20301,16,0.5748296983293879,1.3128669590290296,0.9684444804213874,20.508448836539703,9.048205998228248,21.246817398644524,8.613331237045102
305,8,team_1,20340,20342,20346,7,1.345488783689342,1.451512452443517,1.4221534411515335,26.152902121517524,7.458296846196063,26.73714680753326,7.4752162912709466
306,20,team_0,20394,20396,20397,4,0.876073866209138,1.2014804771162357,1.0440985275758874,29.70217354141408,6.064593506609478,29.676999810301773,5.755948772921879
307,15,team_1,20435,20437,20437,3,1.4552760329716943,1.4783870506290835,1.4641632412511931,28.43684500129629,4.580790986320343,28.397852870765337,4.577382711580577
308,15,team_1,20439,20441,20448,10,1.3145455234711567,1.4945911928845312,1.397455815197064,28.368067704568553,4.52188431859583,28.199544859802437,4.413200096835417
309,3,team_1,20486,20488,20489,4,0.9793266685085295,1.3504978920380606,1.2102765449152249,28.237760931778677,3.824404730100443,28.48632305684213,3.7898149025747085
310,8,team_1,20543,20545,20552,10,1.3233478630139726,1.4794306948730367,1.3862789249401442,31.824800358398328,3.4560656278503266,32.29463840958493,3.4297707364760424
311,8,team_1,20571,20573,20576,6,0.8033900867559788,0.9851817559527964,0.9098229804842157,34.056495934812204,5.0613967094570835,34.34533056250611,5.30552576984288
312,25,team_0,20901,20903,20906,6,1.277566525528461,1.4841503993554892,1.389793278147767,38.28187364697868,7.307752466370696,38.564884824543505,6.969093721241724
313,35,team_1,20912,20914,20928,17,1.0589887659769948,1.4480862812192592,1.215850869008918,38.96776809843507,6.792879051410975,39.28638233865306,7.551441884134118
314,35,team_1,20940,20942,20942,3,1.2026295048665216,1.2235401447077816,1.2105103506950412,38.97630738474745,7.416795647681656,39.03004259133707,7.221002428694445
315,14,team_0,21167,21169,21175,9,0.7056736254353484,1.0586936241288503,0.8475326445805461,37.77904929761565,7.036914280863794,37.328039245558536,7.570825537753377
316,25,team_0,21177,21179,21182,6,1.2529724697319848,1.4124019101800434,1.343280404570802,37.32168309686423,7.750755520854893,37.39945840991437,7.870567733301718
317,25,team_0,21191,21193,21199,9,0.13202290253099463,1.0069533635177492,0.73921283364833,37.34291358979878,7.504262249602908,37.006592656425624,7.906245905096106
318,13,team_0,21219,21221,21227,9,0.2801067026599398,0.9142925798563024,0.6542306032676339,35.77083492838072,9.139026566894357,35.602888877928805,9.753578904091942
319,1,team_1,21228,21230,21241,14,0.6465133167400784,0.9165776061285222,0.7667348065136499,35.543409865820834,9.791960229061766,35.464429746626536,10.539423655026178
320,13,team_0,21247,21249,21267,21,0.20474149519537505,0.6675308379765466,0.32882109522517555,36.05646717067571,10.493824895048952,36.88674898183133,12.216376415530565
321,25,team_0,21738,21740,21743,6,0.6436432370901146,1.2073514641623704,0.9659260887932214,30.334291235135353,0.7605872562517125,30.34884068052248,0.8837493153876792
322,25,team_0,21751,21753,21754,4,0.382898456389504,1.0407668661572322,0.7420730269280078,30.289369947421623,1.2450967255612964,30.306140939067074,1.253543689240149
323,25,team_0,21831,21833,21863,33,0.03859234703408681,1.0794898270776847,0.4655544202508412,30.338360914761967,1.2748100523665598,30.344346218127615,1.2481298418682494
324,25,team_0,21876,21878,21922,47,0.24866650333398865,0.7317722611918708,0.41574074352000967,30.306545245876087,1.4166918331374705,30.32146626032161,1.2813847652295107
325,25,team_0,21935,21937,21968,34,0.14360212951951848,1.4645073462344296,0.5899823683067353,30.33885861902853,1.2834635627463757,30.353476248693294,3.428519302497258
326,19,team_1,22029,22031,22032,4,1.1891662007432504,1.3140778870864087,1.2639339715079765,30.324868172427937,5.483367212349514,30.362569305876857,5.370421694458132
327,25,team_0,22033,22035,22043,11,1.2431450543172857,1.3303957830146629,1.2646289747765918,30.319942440479238,5.321918691458565,30.333627279565043,4.836952467007256
328,25,team_0,22049,22051,22052,4,1.3719282026037114,1.4466305927753045,1.4091315990114528,30.366835224856914,4.638616932379199,30.39142791737826,4.70260797969733
329,19,team_1,22053,22055,22055,3,1.360839275358993,1.47680938921266,1.4078397823626665,30.402098307402696,4.718780636795275,30.49043680786309,4.603085345521629
330,19,team_1,22059,22061,22067,9,1.0703034616954719,1.3809904510943918,1.2063940577259284,30.479068509727135,4.84903259301438,30.802403030558683,4.731882690160466
331,19,team_1,22113,22115,22117,5,1.3781978384717215,1.4453873000916235,1.416708436594868,34.272566703268254,2.3283811952559454,34.52381008708063,2.2496744615385538
332,23,team_1,22591,22593,22593,3,0.8132948312334066,0.8667817868272844,0.8417860844311241,33.870733787377645,8.728896711134572,33.82722369413296,8.817952736463836
333,25,team_0,22602,22604,22612,11,0.9950786639967327,1.2276924143134398,1.0757112828399509,34.412396091907944,8.955493420458806,35.019957641605274,9.06731954557571
334,13,team_0,22615,22617,22618,4,1.44173014174973,1.4855392600123731,1.4651077513231185,35.21627773246602,9.08954722066714,35.393333148475314,9.083428018573452
335,13,team_0,22637,22639,22655,19,0.43870654434072437,1.487409089545359,1.165514971386515,36.32567777490378,8.72743286397393,37.71117693792572,8.961443226048843
336,13,team_0,22666,22668,22673,8,1.0654102360169058,1.4162441562284709,1.244025002343891,38.36909565041995,9.077226004042693,38.66169755344633,9.328315134063205
337,3,team_1,22981,22983,22983,3,1.2759394993835742,1.3816031818972614,1.3179853939588626,33.08080819155023,9.444318652849475,33.14412651584675,9.424196572980966
338,3,team_1,22986,22988,22989,4,0.9200268185567126,1.4814608009797934,1.2679470620771536,33.239637897977616,9.414980401142143,32.98244687855129,9.960199651874994
339,26,team_1,22990,22992,22994,5,0.9456406044821265,1.1175237362873807,1.0364653700150386,32.91361926263958,10.056533461378818,33.027152476709354,9.897750626316197
340,3,team_1,22998,23000,23000,3,1.2193471098103295,1.2696792553185317,1.2486994008909669,33.03472880151183,9.995984053188248,32.9843660212673,10.118639912055334
341,5,team_0,24061,24063,24110,50,0.008292163165407563,0.72957974106577,0.4123686118322574,29.298115462427994,17.211349876763524,28.272285423807375,17.949930717070817
342,5,team_0,24115,24117,24130,16,0.20680072615008172,0.7643981875997007,0.5667348427717238,28.129208940127715,18.066230878337112,27.249307402592702,18.909514927037907
343,3,team_1,24131,24133,24135,5,0.33129637934796113,0.8448781252629758,0.5478458128576682,27.09915380250886,19.06038714719113,26.68461028847903,19.473093612196507
344,22,team_0,24136,24138,24142,7,0.5272864128591319,0.977806478517177,0.7329965554333265,26.549317225497102,19.60816973036899,26.12562515991202,19.88107237908045
345,22,team_0,24152,24154,24169,18,0.45918844473291104,0.6853103101456508,0.6074952763377717,25.765349580890998,19.225098681306388,25.091193571242496,19.176332366759546
346,38,team_1,24170,24172,24174,5,0.4703524957372856,0.681117932170913,0.5689486537602271,25.05077345936745,19.167431346735917,24.98197226057708,19.03193754924585
347,3,team_1,24182,24184,24187,6,0.9678585416758381,1.4985614675535381,1.2132813965235656,26.974706225083672,17.496128437783266,27.016303169214115,17.18696861736702
348,19,team_1,24224,24226,24229,6,0.9723268080825673,1.4320590846517258,1.2318553632621327,26.54836242551159,14.547207773623336,26.54601665479607,14.22742210014147
349,8,team_1,24245,24247,24264,20,0.0988170509509111,0.9901858342963371,0.38852210258968506,26.624646169665237,13.73267188240107,26.924695186843568,14.033813827455251
350,13,team_0,24642,24644,24647,6,1.024589834979547,1.391966030543964,1.2877949048760116,40.81738602404518,5.732357106821601,41.144770849839745,5.752179512491977
351,11,team_1,25090,25092,25105,16,0.2751950094155818,1.4926475490379276,0.9704444184474893,29.37653181161191,6.137160344992605,28.342056568767028,5.6157641515543775
352,19,team_1,25141,25143,25144,4,1.269774711971177,1.4019619436058863,1.356684773873591,25.596648677127988,4.612165847806735,25.416483626020874,4.609361787585895
353,19,team_1,25160,25162,25163,4,0.9764975667368743,1.1198345418107059,1.0305034767391557,24.66825324484095,4.332052876333978,24.518164130816764,4.324540357063827
354,11,team_1,25209,25211,25216,8,0.46842677187814535,1.4581316972225506,1.1964935095831941,25.898902096891156,1.522740332371702,25.964784512854642,1.31712663964223
355,27,team_1,25881,25883,25893,13,1.3650907360066893,1.4973598946263968,1.4335987620047133,3.9335926597985886,1.656693790796051,3.9716000830270466,1.7458423669752783
356,12,team_0,26094,26096,26098,5,1.03918567565201,1.4216359798454248,1.2317098004674514,3.9450087013806927,1.7029797842015229,3.9453475337141053,1.7131452439752697
357,23,team_1,26180,26182,26182,3,0.7420045973912183,1.4258820701706914,1.0487160514193838,3.2414460471854514,7.2565869140466495,3.4406521644406727,7.195728233052649
358,23,team_1,26245,26247,26247,3,1.3677102952109237,1.4809004613269332,1.4335455821409713,9.764221357054554,4.474454969154228,10.026919890856655,4.4053842602939834
359,10,team_0,26292,26294,26294,3,0.8860566868450026,1.1593103815741619,1.0607840097797994,12.085128724676057,5.295376922643919,12.223606166576348,5.554396798226824
360,11,team_1,26952,26954,26954,3,0.7322835838704382,1.1887470057315186,0.9269142750025244,37.60332284394914,8.078419743180225,37.946758205126926,7.632238943998875
361,4,team_0,27455,27457,27461,7,1.3529914589440608,1.4713408102658616,1.4462798044296348,37.693927093060935,8.840393534643486,37.79719853820149,8.538125873591008
362,32,team_1,27847,27849,27855,9,1.057657910546283,1.2325768605810534,1.1644383429183842,26.28194127566264,0.3958051184686001,26.367847193226712,0.4148026275609408
363,32,team_1,27860,27862,27863,4,1.0956959775956299,1.2383754856783464,1.163995314851689,26.423019332225856,0.46155077313706894,26.44457072683189,0.4738732504841842
364,11,team_1,27998,28000,28001,4,0.1758307073653833,0.6962981720649913,0.39346785641819204,28.70594363527373,3.528332126356702,28.678830999552005,4.689461178997998
365,38,team_1,28002,28004,28004,3,0.5060290351367481,0.562393697767453,0.5359772091499142,28.682047511524058,5.067802652335631,28.68893618306945,5.434083746474614
366,1,team_1,28020,28022,28026,7,0.8141542271217181,1.447950259982748,1.1158064495341955,28.71855769593133,8.811420153285999,28.96127103772033,8.470867682151466
367,1,team_1,28041,28043,28058,18,0.1834025434562662,1.4122292187513947,1.0191102940680892,29.30877700998217,8.061708531947666,29.70651897565355,7.664279085263537
368,10,team_0,28134,28136,28137,4,1.0521956575881828,1.281883296626829,1.1425035287298269,26.066701886374265,7.893571915313687,25.747920257951186,7.619673379533113
369,10,team_0,28142,28144,28146,5,0.833976567130839,1.162941905166459,1.0104753954549734,25.771674233567033,7.753601738662626,25.540892244851115,7.960024477868569
370,10,team_0,28158,28160,28171,14,0.5149012090347059,1.0638741185802445,0.7994057966750635,24.53239174408514,8.110522287551944,23.448734478724464,8.499839266094115
371,16,team_1,28174,28176,28178,5,1.2413829328642334,1.4911413521881771,1.3780863825616272,23.094963402074328,8.516787802612278,22.725406304802988,8.534934809561419
372,14,team_0,28272,28274,28305,34,0.028566485803945475,1.2658004549551156,0.7201168690382598,12.086002544633041,7.353673561029868,13.152751963645601,10.161502671304842
373,14,team_0,28333,28335,28338,6,0.894357576955938,1.3774521361402638,1.1891371380475828,13.976636746741468,10.03375289194379,14.332904326312116,9.814557871090818
374,6,team_1,28339,28341,28341,3,1.2732076146546312,1.4139457658437302,1.3437757201370388,14.37755222116455,9.763038824075544,14.609613809107023,9.677331426767578
375,14,team_0,28342,28344,28344,3,1.0464121612016712,1.1545425515403445,1.0916639173368992,14.77212396722596,9.680884343890241,14.994513995983315,9.744691342581751
376,6,team_1,28345,28347,28350,6,0.6024883899166105,0.9535867137540057,0.7916908785747473,15.139156157040084,9.757236569796772,15.725833747083339,9.807784765472777
377,14,team_0,28351,28353,28363,13,0.5025502678884937,1.0037651744836793,0.6854152794804685,15.847554603810867,9.831969748562816,16.807262319566824,9.750450591995095
378,16,team_1,28423,28425,28439,17,0.8336883491119661,1.2695377773938317,1.1102289160192544,27.46540317586961,6.698978514317127,28.911425867452245,6.34556842024543
379,4,team_0,28504,28506,28509,6,1.274085278267153,1.3764288625674483,1.3046123844277948,38.23780651318597,7.332353398026001,38.579961819080985,8.019852432359961
380,2,team_0,28775,28777,28806,32,0.3426656490403934,1.4087910674277493,0.735786659088886,33.100896517407215,13.765716462908287,32.76246534682158,16.053041725150972
381,2,team_0,28887,28889,28889,3,1.4637659483488463,1.49109670956721,1.4779512270669628,35.88358399372494,15.85441533828658,36.08503186350055,15.553739081195753
382,2,team_0,28898,28900,28902,5,1.190334439565364,1.4740861635450115,1.3173936800610246,36.530826815484374,15.606790245350261,36.9203767729205,15.434588238168043
383,4,team_0,28929,28931,28956,28,0.308969037544885,0.6841804110558163,0.5443910608379937,39.75775968472583,13.651576198735208,38.268294203959286,13.91119150082641
384,4,team_0,29067,29069,29084,18,1.0352746001430022,1.3690448216371403,1.1648335557931426,40.64915631278107,13.378318240995885,40.54053676927261,13.210955264188337
385,4,team_0,29088,29090,29101,14,0.7864156115299332,1.0727206101194935,0.9486601010004664,40.627931505948325,13.270403483300877,40.095663085520584,12.63793007307973
386,4,team_0,29106,29108,29125,20,0.8598308615630913,1.0559489530683759,0.9775161528633252,40.00219158332607,12.26305391884173,39.35091944933425,12.96681277010673
387,14,team_0,29185,29187,29190,6,1.3050915740207738,1.4468027724643753,1.3662645979917054,32.36561495721549,14.744308369031362,32.350102319589205,14.827165562013317
388,20,team_0,29473,29475,29594,122,0.6567579961517671,1.3574189636994622,1.059473735800345,24.03549703945641,11.707402343090237,22.777575831314127,10.81373938427803
389,2,team_0,29615,29617,29645,31,0.9927284110970023,1.4398817187725634,1.209889901413933,25.498250641467674,8.607939454508216,26.967591569914916,7.545374206955671
390,2,team_0,29653,29655,29659,7,1.0957074239666331,1.2284418837513695,1.161745294359548,26.88382383152198,7.464334115747194,27.023962070284725,7.543435728839698
391,5,team_0,29669,29671,29684,16,0.8546584721691338,1.4521141549706191,1.0293587215090299,26.20444805455949,6.184847564602745,25.439980960491585,4.6515145994987375
392,5,team_0,29691,29693,29699,9,0.9353088343531355,1.218838424668106,1.0967340162709156,25.396672324810353,4.969620169116062,25.42874840566939,5.133377780625312
393,5,team_0,29704,29706,29724,21,0.5023337120655483,0.9701142814258197,0.78388528470034,25.807487805319468,5.660584300667535,26.816283340832324,7.291888172058148
394,5,team_0,29734,29736,29739,6,0.17258016864857498,1.4490527479687618,0.8458217911404488,26.095245948454632,6.853882998923404,26.844347044318813,5.707823095961101
395,5,team_0,29745,29747,29751,7,0.5047830542427734,1.3988463249767729,0.8137288585979039,26.974931338694812,5.675284809435094,26.76799340207919,6.195467409556693
396,5,team_0,29756,29758,29759,4,0.9132203932553475,1.2351605330913982,1.105490479147665,26.720294560075928,6.357826508704712,26.707149545177124,6.35116263007316
397,12,team_0,29780,29782,29782,3,0.6874587635267846,0.7868595283267779,0.7373226572005741,26.48631076040912,5.619400990410966,26.44320500094021,5.743794470547808
398,8,team_1,29888,29890,29891,4,1.1447932777865253,1.42175383057414,1.2622370440190767,23.895951292720998,2.04032986155087,23.83308005056025,1.9651805261016628
399,16,team_1,29951,29953,29964,14,0.21090301344773188,1.1242465033989835,0.8617793023679914,23.405135010549365,2.3198120303607075,23.14421311032353,3.4630913843274733
400,8,team_1,29965,29967,29982,18,0.569931909845586,0.8374496669871616,0.6691728237048362,23.134365750444584,3.4470444451058837,22.982063875619637,4.649305755175389
401,16,team_1,29992,29994,30020,29,0.5753065515476935,1.0866074923989486,0.9029852106879734,24.147611530611687,5.647241040908282,26.31412475310817,7.82401172242341
402,16,team_1,30022,30024,30025,4,0.8750924217990406,0.9611439498513823,0.9162779491680135,26.572889081156614,8.0034581756369,26.87203029080458,8.202640358523176
403,16,team_1,30074,30076,30082,9,0.7314574418532882,1.447807712962888,1.1946439508539384,32.39104026006458,13.585966856236274,32.98132679147534,13.944681533917667
404,1,team_1,30609,30611,30613,5,0.9112792664223678,1.4935264594557236,1.1370407502597728,4.6967028465436025,5.426667735931247,4.487644565627313,5.129645631112228
405,32,team_1,30923,30925,30935,13,0.6706486267436688,1.1514974995787222,0.9777282239642615,15.510014511165272,-0.06892606209707991,15.809487580088195,0.15952386590266696
406,32,team_1,30940,30942,30950,11,1.3981831650358398,1.4784087408673852,1.426453440749769,15.73489630922418,-0.1114201187529086,15.789783204905874,0.06634208812334483
407,32,team_1,30967,30969,30970,4,0.8152854726860076,1.349939904719856,1.0479139785717972,15.590339448628646,0.017572363351375478,15.535681538979114,-0.009967194288569507
408,25,team_0,31226,31228,31229,4,1.1354484371150573,1.3217014429698901,1.2427644614292108,13.20617875867575,-0.4614451276456803,13.12201703587557,-0.42157712936334246
409,29,team_0,31244,31246,31247,4,1.438708475333087,1.4841576006853459,1.4711446070313385,12.826397388416524,-0.1580385784912245,12.80133548958541,-0.14436218024201355
410,29,team_0,31255,31257,31262,8,0.40840168042809,0.7142672684228898,0.5585897946094518,12.809024140671411,-0.17274732872980825,12.794354394489819,-0.4963898831165201
411,16,team_1,31828,31830,31833,6,0.9098239048327621,1.4264824547238788,1.0792550221569237,6.325555615716008,5.713075302686028,6.699700990763612,5.736893070170211
412,16,team_1,31844,31846,31867,24,0.8339761360111843,1.4628729701815482,1.1824217289586665,8.019288677504736,5.825070707852085,10.121871952512253,5.6079557504949396
413,2,team_0,31883,31885,31886,4,0.6042341372862677,0.7020893681921243,0.6370036979669422,11.223006441811398,7.281721710764227,11.271207707105306,7.426148103483138
414,16,team_1,31887,31889,31909,23,0.09870493706300033,0.860882620069906,0.4825206633261556,11.401797212023329,7.65991424359622,12.716060340498444,9.959394720440828
415,16,team_1,31924,31926,31988,65,0.45352657786822387,1.2955932225454518,0.9315253980935764,15.855430478927278,10.858835581688185,25.05610425041365,13.524819141604496
416,16,team_1,31997,31999,32017,21,0.7727749657588078,1.059517035876206,0.9094933781845078,26.310795808430505,13.819120989988104,28.76246869077803,14.679161286226881
417,20,team_0,32018,32020,32031,14,0.11189357358132111,1.0149650079745396,0.5394051230037316,28.851291491166887,14.747228146251555,30.539842692956835,14.604120972210506
418,20,team_0,32033,32035,32100,68,0.031218908285695502,1.384858371739085,0.5948300223959502,30.987475659376827,14.026888533725703,31.304859461651706,20.082742787154366
419,23,team_1,32163,32165,32182,20,0.8249641987349821,1.4782648253051685,1.1327215787929492,29.415070058038786,10.668372349053586,29.247066345083102,9.618081881738313
420,23,team_1,32208,32210,32215,8,1.198502661333378,1.3715844956492582,1.2845633518007835,30.37115385075458,7.9437266368885995,30.689015998205825,7.593455794433891
421,5,team_0,32227,32229,32231,5,1.3932573825629289,1.4209480150622176,1.402676740591936,31.343311966368244,6.987526399471388,31.498106139384895,6.885559937194782
422,2,team_0,32232,32234,32234,3,1.4431834161488075,1.490281838187388,1.466870580129249,31.55843934592263,6.839589677425974,31.537687532402504,6.773186494141714
423,25,team_0,32308,32310,32311,4,1.297320957964559,1.4516198167525636,1.3671223980872609,24.502563121492667,4.016786967131862,24.27134746809627,3.759170699592359
424,25,team_0,32319,32321,32324,6,0.5492883758385559,1.3257976087670131,0.8504701400579499,23.226738957096998,3.5020388951660615,22.666219487064296,3.3648625961572507
425,2,team_0,32502,32504,32518,17,0.2574829624975497,1.3970957569871039,0.8322632503854718,-0.3965802052016152,2.6087121343357196,1.0687359183118819,4.440840100334931
426,30,team_1,32578,32580,32585,8,1.3756256939300227,1.4923934222295616,1.4415965276639209,0.23511820687518162,8.620260742353807,-0.16338336680254473,9.04453937754453
427,30,team_1,32651,32653,32653,3,1.4044139911604916,1.499226522034287,1.4656139537628252,0.049632326327002665,9.213891759932016,0.13624454468425926,9.241398523806582
428,30,team_1,32659,32661,32663,5,1.0438075303654857,1.4010032375097674,1.2626742167301606,0.3030693284211609,9.293831570531417,0.4494353290596167,9.357633546891142
429,2,team_0,32693,32695,32742,50,0.4052730601337848,1.4826532160604433,1.1934019639021256,3.788794274238861,7.383111096108058,6.309770435043534,7.5984968167588
430,2,team_0,32754,32756,32906,153,0.11242673919418747,1.2777858244365667,0.8192708873212934,6.8469315621978994,8.20732386722591,16.607655577811403,18.93647655237124
431,19,team_1,33047,33049,33142,96,0.25238596383650624,0.7232667100083956,0.5928776425998504,26.609584852863556,13.41611817583193,22.444420179051228,11.336037217516106
432,19,team_1,33166,33168,33182,17,0.18841134204184695,0.8472765812920869,0.6186770716646028,22.248253091617745,11.190283668388702,22.08727765184923,10.99450960438502
433,0,team_1,33216,33218,33262,47,0.13121728607645605,1.4166198573255113,0.7737378691155908,16.97189033378475,14.047852751089028,20.639320582718856,14.640082614096405
434,6,team_1,33288,33290,33303,16,0.8506199607851083,1.3802673817467508,0.9830601274898659,23.59973671669878,10.023524184493018,24.940036508565207,9.015449769030731
435,17,team_0,33329,33331,33335,7,1.3119400942027815,1.43339963924802,1.356503975807725,27.57220216711635,12.232861211399836,28.106105757087345,12.708410302261692
436,12,team_0,33338,33340,33357,20,0.1294782869297824,1.131665776240431,0.5299748560199161,28.39810409927991,12.966759203291502,29.871928361954243,13.916200175414525
437,23,team_1,33426,33428,33438,13,0.6815592737231225,1.4983719005398008,1.1870615730450504,23.570092150375658,15.150948464426794,23.53765187842086,15.020709042170912
438,23,team_1,33502,33504,33504,3,1.0095318525674697,1.0937845285776657,1.0623369380874736,27.960472929621076,6.944779210155812,28.058778585036965,6.769565230256957
439,23,team_1,33589,33591,33594,6,0.47522952537762875,1.3733050829197295,0.8965581963454383,30.6959801715598,1.1182964829377864,30.5401562303069,1.023449984785566
440,23,team_1,33608,33610,33612,5,0.1623050957936664,1.3428312677744032,0.43235215026107066,30.341514726853955,1.0705262589107536,29.958299756100732,1.4165203369153203
441,23,team_1,33617,33619,33620,4,0.84653081373369,1.3903796290899646,1.2227148631296574,29.366014880213214,1.543937836812666,29.03236609874916,1.5442907464526332
442,15,team_1,33653,33655,33657,5,0.9340903780987156,1.081610450489652,0.976784936022835,26.106693963212134,2.0679844422352205,25.781455374636057,2.1294615388936813
443,15,team_1,33757,33759,33775,19,0.08341317262648432,1.1410127165105506,0.7315345802001239,28.153685788892126,0.957035536270176,28.160628218129816,1.1837628388323527
444,15,team_1,33796,33798,33808,13,0.7352435689620963,1.170102374060466,0.9313449512771049,28.319048571815273,1.0022787485750273,28.313629841335306,0.9292954105004193
445,15,team_1,33814,33816,33819,6,1.1216190715344254,1.2024235794058455,1.1726166573044656,28.35632951839448,0.8237881126676948,28.354296872016207,0.733715535429443
446,1,team_1,33892,33894,33982,91,0.4178913418389744,1.0175367572039913,0.7510941303057374,17.229569781148104,7.715934450007317,19.31781702495153,10.356279564586654
447,6,team_1,34036,34038,34048,13,0.6036948922846312,1.3868456617670155,0.8789472597662448,25.522894905394523,5.842240033966126,25.445905810344893,6.5441650101410715
448,6,team_1,34053,34055,34098,46,0.12166036527530649,1.4280181990253629,0.8218980611056242,25.47881274692985,6.793961574429389,25.792453165373843,8.443785258525077
449,6,team_1,34110,34112,34122,13,1.2873003301974861,1.4829749890620914,1.423223317678525,26.31288949060285,8.089163588130694,26.860674354752412,7.800051027983994
450,6,team_1,34137,34139,34139,3,1.3893014731333104,1.4652666652161768,1.419889581230433,28.736048671981266,7.289758611116305,28.899578028935856,7.0449141675517835
451,25,team_0,34145,34147,34147,3,1.1216312562457518,1.4865720214197788,1.269557665167931,29.437090556805302,6.777600252239344,29.751939751096458,6.763688331348874
452,15,team_1,34256,34258,34300,45,0.091218530941972,1.273560895251664,0.9175378453307175,34.81813143018871,1.004695331919915,33.862141886716024,1.8377330462851145
453,25,team_0,34304,34306,34307,4,0.869545362473636,0.9077838299348739,0.8933609524367507,33.87820964563522,1.6134570342824048,33.86800025989002,1.4892255939426895
454,15,team_1,34308,34310,34312,5,0.2251850792173083,0.891674304091242,0.446632491212399,33.86052862956305,1.444625147672772,33.81310939968403,1.397719726774576
455,0,team_1,34796,34798,34799,4,1.0392020550404526,1.3803791646820978,1.2095169975224638,30.921931240560216,10.391601105249844,30.70114947960388,10.575991730570024
456,13,team_0,35232,35234,35255,24,0.8138523673873072,1.4205171806475614,1.127275795322092,37.023895100310305,19.233115667348102,37.582479058962306,21.32095598881106
457,19,team_1,35802,35804,35807,6,0.7617546481241535,1.3902813328043373,1.1114647384177196,25.095497548510473,14.057387713208799,25.08416307518144,13.620937934167856
458,19,team_1,35840,35842,35973,134,0.4111921753596344,1.4999324198385535,0.8264017533246822,24.71449788586337,11.783573716081627,27.616737933154248,12.27437009141314
459,23,team_1,35990,35992,35999,10,0.23828418172824437,1.4398607861254797,0.8070383063628572,30.01650563280781,7.961491793312069,30.72555830331836,6.590251093665393
460,6,team_1,36031,36033,36037,7,0.6227158556663885,0.9390075491579432,0.8238714307049783,31.981353995206913,6.8077959420663525,32.11046285530999,7.055334050057384
461,12,team_0,36099,36101,36102,4,1.280169378678255,1.4128794807403817,1.323398002820213,36.356561242344426,8.51566433560924,36.41089602831699,8.266603544989282
462,15,team_1,36277,36279,36279,3,0.8099908622576121,0.9448775405019132,0.8912650067158044,34.435566913310154,1.7216196751386947,34.3630325761496,1.9664368060213964
463,15,team_1,36286,36288,36291,6,0.952236230857555,0.9979389826589706,0.9716017974479563,34.38580626776235,1.979132063929223,34.41009487347172,1.7102406138709334
464,15,team_1,36311,36313,36327,17,0.6977943067040879,1.2110369211394296,0.9847850117212933,34.306900977034026,2.3130323504456682,34.39056323902953,1.8082469091999915
465,25,team_0,36337,36339,36342,6,0.7594532554334551,1.374291668989789,1.0095482971471021,33.69478231682748,4.65068525375866,33.78372806990522,5.151270851924044
466,0,team_1,36409,36411,36413,5,1.3611134839906565,1.4699813643471205,1.4263183496609506,33.94981815493256,12.35706472017819,34.037724872529225,12.487333333760114
467,0,team_1,36421,36423,36427,7,1.012251684490555,1.4321342748235444,1.143136461768663,34.24448918093321,11.79030964683065,34.165286082810425,11.61766796047803
468,29,team_0,36428,36430,36433,6,0.65368912395181,1.0710879399481839,0.7919244413323964,34.193161006707854,11.588711911844195,34.40375748317619,11.189724181608966
469,15,team_1,36460,36462,36462,3,1.2605938784188278,1.4704430666463277,1.3629710807880544,34.660371795671665,5.3716078254959045,34.80111302133974,5.257629256057591
470,15,team_1,36469,36471,36474,6,1.060010666738398,1.337214776689962,1.1513132080030497,34.94614336390291,5.271531334319468,35.19627746268177,5.422015333681904
471,15,team_1,36478,36480,36480,3,1.4139018196495217,1.4779900266110193,1.4444298791859962,35.78306249114689,5.134036253548893,36.048008800539854,5.003323754309873
472,15,team_1,36482,36484,36485,4,1.303688393389071,1.4273074160257093,1.3539675206505972,36.34836202974085,4.8925430902461375,36.54150479842464,4.86876742657129
473,17,team_0,36637,36639,36640,4,0.8204652178070362,1.271707868274213,1.035137178623113,40.86674364192038,12.582892541292894,41.011089835887404,12.066502680475
474,10,team_0,36665,36667,36816,152,0.2129707975413598,1.2574642615788154,0.8039182247939509,38.8917406879289,11.81606139135262,27.69514977513046,12.061548937958397
475,10,team_0,36820,36822,36823,4,0.967915958298676,1.1068350262043667,1.029661194623353,27.391045239030124,12.015310236025726,27.12513047864624,12.113508530197103
476,10,team_0,36829,36831,36841,13,0.9135563903903846,1.4104248233087537,1.2802889522090732,26.739914256308296,12.15241256155281,25.970489960944647,12.107138682273696
477,10,team_0,36846,36848,36848,3,1.1154432443829119,1.1849319552301627,1.1441813696926273,25.61737480567354,12.131208992846556,25.467612190810943,12.074948382499551
478,10,team_0,36852,36854,36859,8,1.1232748534687724,1.259415554349396,1.197913494087695,25.18800910929211,12.125761291252138,24.794085733802888,11.988276631173312
479,10,team_0,36865,36867,36872,8,1.031100449356667,1.1752277273438503,1.0948454473552967,24.47921335020545,11.984091231021255,24.169355836296624,11.956694384988632
480,10,team_0,36877,36879,36879,3,1.3296074376946785,1.4280849638337947,1.3691768139994611,24.028163108294486,11.78899053368639,23.950190475206504,11.72913754316857
481,10,team_0,36887,36889,37028,142,0.27761737277566584,1.2836642242908507,0.8027397960149949,23.634329946049736,11.828255003608692,22.71943034862727,11.42709500776056
482,10,team_0,37034,37036,37052,19,0.628577569703308,1.2191435196933693,0.814259393444225,22.718418760467348,11.424043720460869,22.714177907604853,11.4122560023137
483,12,team_0,37105,37107,37108,4,0.8767459704886854,1.0814763476737952,0.9554676943572056,29.527019219557737,10.360280869162093,29.614945667485557,10.136235525270806
484,20,team_0,37146,37148,37153,8,1.2800070678819366,1.387488328570487,1.346403936300605,26.41557939366914,7.066194977387236,25.995352187642286,6.727254122426754
485,11,team_1,37226,37228,37276,51,0.48521051444154656,0.9030435812073818,0.6633205184503004,10.259820336613695,5.714174158121521,10.092720009989801,5.641606238531893
486,11,team_1,37291,37293,37304,14,0.5855001058538905,1.1058285164050545,0.8612693028837265,10.563969691827573,6.3314294716829895,10.842366872025005,6.806478326436401
487,11,team_1,37311,37313,37333,23,0.3801155500314413,1.445552187099297,1.054962114733358,10.934866800420465,6.924054482693824,12.191924488361142,9.738331371571524
488,0,team_1,37360,37362,37363,4,0.7343450503658492,1.4768130231536079,1.0491613926349599,16.34902959015118,17.893109503897843,16.69254230313722,18.525146932281924
489,0,team_1,37373,37375,37388,16,0.6626023066896635,1.2238336660851556,0.8424439928124274,17.764213878625473,17.822205085534815,19.29936165115096,17.458650044900782
490,14,team_0,38111,38113,38294,184,0.056483245505563676,1.0199743333104594,0.6913564403027668,25.885504361082734,10.828862765147775,22.550261888225705,11.373062193857054
491,5,team_0,38343,38345,38354,12,0.8208685968199564,1.451031250532972,1.0563706591597393,27.069151884746987,13.629738721240324,27.82392038993531,13.460578337275566
492,5,team_0,38377,38379,38417,41,0.919452180497766,1.4543428554775804,1.1691548354325352,27.737507676532807,12.042800872707438,27.755472858932045,11.131179724293384
493,14,team_0,38440,38442,38460,21,0.8333242617513852,1.3408120891677837,1.0145185412688367,24.74251286500795,11.124271300986678,24.5283470581844,11.21227600651628
494,19,team_1,38461,38463,38465,5,0.5466299472355669,0.9580590901785823,0.8506381324029973,24.49325331224331,11.179563994511613,24.305418561855188,11.062656106705322
495,19,team_1,38470,38472,38478,9,0.7572263112485309,1.0087431489438168,0.8547838174935131,24.47470624473113,11.028432948926277,24.37561878425259,11.004990211937807
496,14,team_0,38479,38481,38523,45,0.028988431498402332,1.2687191050795983,0.5579414986445893,24.3471167108117,11.035652607037383,21.701925365071038,14.968435050937385
497,6,team_1,38810,38812,38893,84,0.10638804785024941,1.4549402963654279,0.49649696410910016,14.082179605667685,10.082031965131778,17.351073753412194,16.63090571653029
498,14,team_0,38977,38979,38999,23,0.3004590281360226,1.0244382334537063,0.7988412172291902,21.670468488007476,18.504559144257055,20.142465437230708,17.366447485973822
499,11,team_1,39041,39043,39050,10,0.8510282308746323,1.190082485894371,1.0017878092588404,9.961168723021053,14.216365376353066,10.159605556146142,13.98425575654925
500,11,team_1,39059,39061,39080,22,0.43101335420028947,1.2166884677273544,0.8130308024127199,10.164316750912858,13.610514189009814,10.602794172906371,13.009594541740237
501,11,team_1,39084,39086,39103,20,0.5030113202065928,1.0980549484618445,0.7614819555842124,10.73619252278958,13.036795281481387,11.153520287201971,12.953267918658186
502,1,team_1,39143,39145,39152,10,0.5086173234164013,1.1369686124767029,0.8588117424551595,16.274231146729054,6.9499297155518205,16.83779759913174,5.9899179585191895
503,1,team_1,39156,39158,39168,13,1.0809848522862395,1.4987027066430025,1.2832906171845386,17.132768122149663,6.094926216919055,17.953434622942183,6.398198770031856
504,1,team_1,39175,39177,39180,6,1.1442983079066757,1.4238813358915812,1.2377045615224007,18.416445326220558,6.523344430747153,18.73044719611366,6.632046723405379
505,6,team_1,39181,39183,39189,9,1.108182529823138,1.31642481090842,1.1890783055746155,18.8576051508107,6.579300470937798,19.427999065639934,6.455868305818461
506,10,team_0,39252,39254,39255,4,1.3765958513584597,1.4496871830055071,1.4144155427670149,20.960415945461953,5.329999679091262,20.931841473330742,5.400713065870307
507,25,team_0,39259,39261,39263,5,0.8291787737947128,0.9528695637233603,0.8919253327081703,20.896671808119656,5.439146020143915,20.856130555777643,5.507429170271303
508,25,team_0,39271,39273,39273,3,0.5939901388116395,0.7446851490063137,0.6456850412049047,20.799142147699776,5.495227548236073,20.789844811881345,5.503757825097723
509,10,team_0,39291,39293,39295,5,1.1631873094898326,1.4286397994302762,1.3254264265738422,19.781717097444872,5.646523326346292,19.56427211888099,5.725734287134164
510,2,team_0,39296,39298,39298,3,1.2059610659346944,1.214599349165203,1.2108226859187547,19.49546670878813,5.725992551198017,19.39695328771916,5.759742173148735
511,2,team_0,39300,39302,39302,3,1.1353326855728376,1.3416520223235087,1.2081408711541648,19.283884153517935,5.798743912993551,19.152971454584463,5.829240308056452
512,12,team_0,39303,39305,39331,29,0.79871848351111,1.3570470161821782,1.0819830453450878,19.12655056527527,5.828847386480417,17.218096730338168,5.78349260730185
513,12,team_0,39333,39335,39341,9,0.8606175805496609,1.417245156707436,1.2365490453989574,17.071155589018364,5.799784458642498,16.562276234645932,5.612028264921495
514,11,team_1,39659,39661,39676,18,0.7713181006595508,1.432531424400584,1.1146247584523867,11.69381585117823,8.06880824819537,10.206401751425473,8.099002614060131
515,11,team_1,39691,39693,39695,5,1.2124523554553295,1.4446173739639214,1.3461802917311585,9.674683615967817,8.405042652280041,9.656496632197422,8.457899164760791
516,11,team_1,39697,39699,39701,5,1.4246295393123942,1.4970324209229458,1.459493254575679,9.633546708763486,8.4638438319732,9.655752334569884,8.51140923803777
517,11,team_1,39706,39708,39746,41,1.1227226592615085,1.466961129563513,1.319681286010618,9.683430423959257,8.580356506203385,10.585821672096785,8.647582268071975
518,15,team_1,39752,39754,39755,4,0.6668477008255757,0.8443184492958307,0.7384721447644628,10.874034962417307,8.694286046527752,11.008449668979015,8.725001114076694
519,15,team_1,39757,39759,39762,6,0.934383596426345,1.2323943072875914,1.0754099404576964,11.103593288200319,8.70810516587776,11.504997296202434,8.891477405622695
520,23,team_1,39763,39765,39807,45,0.021610939598270307,1.3916831756427237,0.8604804459862097,11.527956652916178,8.892685172488536,14.426320175034505,12.163013541887281
521,0,team_1,39834,39836,39839,6,0.4854735350332749,1.4621760252100484,0.8828846605027184,16.570642045647027,17.9730745509186,16.92924921769143,18.876331446848877
522,0,team_1,39843,39845,39862,20,0.511570344018344,0.7813374877762201,0.627692082977004,17.448922531819807,18.86054669104424,19.568538236668353,19.083765890954993
523,19,team_1,39959,39961,39961,3,0.3926765754541232,1.23162421365176,0.7662794336149998,27.616641421031765,7.228558743196624,27.75371201207239,6.867739604362476
524,19,team_1,39996,39998,40000,5,1.1727949064539223,1.4674435408207058,1.2909936692351902,28.885820192308003,2.966496650356187,29.021944235480092,2.5193373792349103
525,19,team_1,40002,40004,40010,9,0.9557312210261473,1.4625615160673056,1.2386077233386101,29.095470247235298,2.290025845391978,29.363685993734276,1.5443070412208373
526,4,team_0,40200,40202,40202,3,0.4158402004045348,1.3543493689355486,0.9357084419819915,39.03575830372565,3.372235371442479,38.830554713651765,3.7285883493080876
527,15,team_1,40346,40348,40349,4,0.8478356289342274,1.3591910222940722,1.0950541676717551,36.365849254046736,5.467566425986466,36.224311576889086,5.537906637501045
528,15,team_1,40360,40362,40364,5,0.6501874379479669,1.2806881443010252,1.0167799722960686,35.519148311213044,6.473281418489095,35.35603763869873,6.691486149450378
529,1,team_1,40748,40750,40751,4,1.2396786003039388,1.3295633350428704,1.2853532433011705,22.385433714067787,12.474814491919432,22.02340388023432,12.054846127657383
530,1,team_1,40775,40777,40844,70,0.3598503552956029,1.3105792045531826,0.7742304420628958,23.4690620854552,11.972615962557914,25.52245210480668,12.623572365278756
531,23,team_1,40904,40906,40917,14,0.8811469412700398,1.4933194199661814,1.1766304865220856,32.919112710518476,15.977177224297904,32.004132853602236,15.45201206314825
532,23,team_1,40927,40929,40935,9,1.321678503930058,1.4890534116163276,1.4105414528488995,31.81528825363201,14.663457293093266,31.615533747027172,14.237981815011281
533,1,team_1,41048,41050,41068,21,0.6816509083103761,1.4879357310167998,1.1013037415304106,25.187047640859895,7.197675974256655,24.540550547679647,6.052049976937956
534,1,team_1,41092,41094,41105,14,1.300743309748064,1.426652895972007,1.364609179304659,24.53481943897438,5.109208009049152,24.52956167866679,4.650090564905781
535,1,team_1,41112,41114,41234,123,0.47464734716551127,1.2768605227456853,0.8045785461678162,24.625932209347948,4.435104122840825,26.957705876452618,7.46920780201072
536,6,team_1,41674,41676,41676,3,0.2735088264077807,0.9969241057807637,0.7553196551904272,5.028531479404926,17.66704696625359,4.999769629237646,17.315329457115933
537,6,team_1,41681,41683,41740,60,0.16935098011480704,1.460669274838199,0.7774610625598256,5.096714561682268,17.2377929156309,7.802933138891213,17.23022205408336
538,6,team_1,41757,41759,41765,9,1.1221339711802019,1.4987877531743095,1.2675458790635399,8.776413810897099,16.303048986043812,9.163665001905843,16.011782893407787
539,16,team_1,41818,41820,41827,10,1.14200123131525,1.4168479990662612,1.308623984042998,19.495777171900475,5.4663503573427565,19.59012741407223,5.50554077201691
540,16,team_1,41840,41842,41844,5,1.1574842131010283,1.4523438055130158,1.2942801783748834,20.587286224733855,5.368902606441201,20.8440012575856,5.3787126154526925
541,16,team_1,41906,41908,41911,6,1.071617713137026,1.3924485215634184,1.1808126279754172,28.204433709784304,4.70529565649051,28.67000219784489,4.512909152264708
542,20,team_0,41966,41968,41976,11,0.7440152992496033,1.414983319149456,1.0108766049735303,33.12385679049325,12.990286047219463,33.046202299484186,13.051772517424439
543,20,team_0,41982,41984,41984,3,1.3905607138685565,1.481823588673215,1.428982184028806,32.97104719868156,12.73816894344333,32.891428608449736,12.854947526529262
544,2,team_0,42019,42021,42025,7,0.8328092144256066,0.9772327995152789,0.9088942999885395,32.752396287640366,7.639369055403116,32.40036417469723,7.7549930667126485
545,2,team_0,42033,42035,42051,19,0.06432430257152208,1.4239427917687941,0.5623210720506455,32.81734062331646,7.274632927338657,31.99192301548781,9.004694973722069
546,2,team_0,42092,42094,42099,8,0.6470839952269545,0.8699283842161959,0.7709643534328476,32.49316049248311,9.288088725735337,32.52858035356777,9.476739013359728
547,0,team_1,42119,42121,42144,26,0.8218152577958232,1.259701200547324,1.1119426126874976,27.42235926203367,12.44550545928673,28.083812599095634,13.218240516516897
548,19,team_1,42159,42161,42177,19,0.7948042772937257,1.2857702741675536,1.0889776246594585,29.179474320520484,15.527363565793888,30.146474673213753,16.716761682606187
549,12,team_0,42197,42199,42205,9,0.9526427743226799,1.4190090863112181,1.1215480457006946,34.8679216282859,14.151819085298957,36.222585031765185,13.547865090471426
550,1,team_1,42513,42515,42550,38,0.4437645044649007,1.4773433297853036,1.136279496106649,15.483102689302369,10.30375343787654,15.753484903150527,9.909566804255519
551,32,team_1,42623,42625,42628,6,0.8490819132379529,1.4137665686531171,1.141525165500724,21.82603468527795,1.1578737621128472,22.251938579310398,0.5899112305953205
552,32,team_1,42641,42643,42681,41,0.2921585793726102,1.488881476321377,0.7779293844199512,22.063625227399804,0.8486200469907936,21.19602244308094,2.9710421215926845
553,32,team_1,42685,42687,42688,4,0.33191190136298315,0.708138413285794,0.5200021033065813,21.300836570022312,3.305867991186717,21.348067914908853,3.7682000631842354
554,11,team_1,42689,42691,42709,21,0.5964052661075402,1.009207596849167,0.7576723013006603,21.372870763254397,3.8407620665758913,21.67847855363804,5.569926897617144
555,11,team_1,42714,42716,42721,8,0.20467543732601215,0.6856664137857169,0.44387173749118336,21.64922163873106,6.480382641961414,21.457152890947377,8.080231520849972
556,0,team_1,42766,42768,42775,10,0.3167970760456042,1.4440766986414395,0.7378231208358513,20.858112768424654,17.040126793810913,20.695708377390073,18.3259620716849
557,0,team_1,43074,43076,43077,4,1.0401030495607055,1.2517513951650487,1.101048811683155,20.510909179861997,15.328479324379709,20.7791564186206,15.224248367600506
558,0,team_1,43080,43082,43094,15,0.9043569749804559,1.3328705181175609,1.1379567210779402,20.78758317511664,15.114655728307415,21.277477521798644,14.3618905937836
559,0,team_1,43114,43116,43165,52,0.069330550057646,1.4995545884946415,0.5563633533866154,21.468691160806344,12.094936731685083,20.991621707328544,14.041038645172828
560,14,team_0,43214,43216,43219,6,0.4392475926716893,1.0490410079156265,0.6631215151318665,26.279673336732007,18.60950463221899,25.870718076935482,19.14521740943629
561,14,team_0,43224,43226,43230,7,0.0958975909136506,1.0548943646295712,0.5233595302585884,26.538540032933238,18.993844117961043,26.753794544708647,20.12114977607341
562,14,team_0,43392,43394,43395,4,0.8989372986851025,0.9072129363241532,0.9022013664624529,29.873837127406492,22.277985996085917,29.865284622746003,22.34446806601005
563,14,team_0,43407,43409,43412,6,0.5004584182433367,0.5947787979986843,0.5583772124256527,29.846467983873463,22.189421610632838,29.85813672247738,22.176976540890593
564,15,team_1,43494,43496,43502,9,0.1259862331705582,1.0083438162444183,0.5878534780689952,36.41447940407791,11.600430287093682,36.14546415134349,10.943005481744027
565,15,team_1,43514,43516,43532,19,0.9550078281553426,1.438750689068595,1.2383857435716557,36.414364675335925,10.376006085963892,36.67332566334864,10.874737312558096
566,10,team_0,43533,43535,43535,3,1.4156030320744886,1.4489710792278214,1.4290323273439893,36.72994514029087,10.794295237246267,36.82245108301118,10.681730822165534
567,25,team_0,44410,44412,44415,6,1.2278781039173536,1.447200539542115,1.3554786957287925,28.17172120799654,7.34879652852618,28.14306370327622,7.1156190931078385
568,19,team_1,44440,44442,44443,4,1.3245222435075739,1.4274408819748683,1.3624207554865324,28.16888276094786,5.1652049983746,28.109999563179727,4.951609563983103
569,19,team_1,44449,44451,44458,10,1.1501601691520962,1.3902660930348494,1.2388618130304252,28.555143082033343,4.759949712257545,29.039239414622266,4.483241535556382
570,2,team_0,44845,44847,44857,13,0.6746753576719635,0.8563139700609771,0.7609441810322289,40.56397554660572,2.3309217787420864,40.08727949622778,3.0359021081705486
571,24,team_1,44858,44860,44945,88,0.036731026146323426,1.3901401436310576,0.6265409031545893,40.062088885026434,3.003157151223697,40.15683161895923,2.4687210305285068
572,15,team_1,44974,44976,44977,4,1.4031948573505704,1.4510012633522067,1.435892703536194,37.77208377999648,3.184846820661805,37.77949623363816,3.3193986100622848
573,15,team_1,44981,44983,44992,12,1.112582849297451,1.479338182384255,1.390498975647529,37.866963622243915,3.4499858349573462,38.35205656664836,3.502782272547429
574,23,team_1,45648,45650,45661,14,0.48879400802583267,1.2412359617167497,0.9628131418651565,35.794672276464524,6.7533859141361186,35.61292188443315,5.764336484441678
575,23,team_1,45675,45677,45692,18,0.83474236300423,1.1221582730758382,0.9719135455183588,35.46100727907923,5.657515759114652,35.20630551162096,7.043632389942369
576,16,team_1,45693,45695,45698,6,0.5659249758142034,0.9318369888786681,0.6759494173967409,35.13242996695848,7.074248188810639,34.65106977426064,7.450702270288703
577,23,team_1,45725,45727,45759,35,0.9766706377036524,1.4559547241934458,1.2471999490948322,32.2786325558214,6.2960406962612625,28.107686263028047,4.881730325558048
578,23,team_1,45763,45765,45787,25,1.1260865239718134,1.4073489403418784,1.286436696813495,27.647776025233686,4.637148582074764,24.708408258794105,3.9422244739047665
579,23,team_1,45868,45870,45872,5,0.7419500338754809,1.3182502007132677,0.9719737998306895,16.72961180154676,3.3055142519119745,17.229839179761715,3.8342345025032722
580,19,team_1,45890,45892,45897,8,0.6164577595701183,1.4597877784021867,1.0364363300736943,18.880113424830377,5.792935870429543,19.3494250929522,6.451595867265372
581,19,team_1,45901,45903,45915,15,0.7322789010454515,0.9883823611416555,0.8638859121282414,19.43286735956816,6.6434883101707705,19.717550166386026,6.996804781774426
582,19,team_1,45920,45922,45985,66,0.6399813535714169,1.3912987679999707,1.0820691216567995,20.271624756193894,7.150619762077126,25.901349123575148,8.55224838215311
583,19,team_1,45989,45991,45991,3,0.5337562050610983,0.7138135310878928,0.5950797021448224,26.11820302031831,8.631286964055931,26.31945634569136,8.829610679036197
584,19,team_1,46045,46047,46050,6,0.9968937048661388,1.440706676131617,1.2115930003105406,29.808541149571248,6.329733754355935,30.17361565978888,5.851007699853788
585,19,team_1,46070,46072,46072,3,0.8465297650675612,1.1100897559494844,0.9603300127421162,32.009799813783246,5.754767665236087,31.956645733287818,5.889340799480707
586,12,team_0,46118,46120,46120,3,1.1784574195417052,1.2383536582808503,1.2026123453649575,35.436892666401775,7.454521428022249,35.52880261129818,7.3257923982154125
587,19,team_1,46158,46160,46166,9,0.192806064547938,0.7589781066847777,0.5113775477020521,36.82021248773487,5.796209514694553,37.03600056458503,5.449240622779214
588,3,team_1,46549,46551,46552,4,0.9100736720561744,1.106138784977237,1.0288162260423657,17.317057067661462,-0.47267647191143,17.380274471799034,-0.4726597816005898
589,32,team_1,46673,46675,46686,14,0.9737633322786217,1.3309507652125498,1.1150372025287767,17.705065460599123,-0.2634885733785532,17.624585467358482,-0.3411743667842898
590,3,team_1,46714,46716,46717,4,0.3591846439170926,1.435626755726393,0.9418628001317705,16.108245660387126,0.35193805451027166,16.175137706871634,0.38273720035762304
591,3,team_1,46722,46724,46748,27,0.5701098270388353,1.4012609918533616,1.185190805327766,16.376796950460083,0.632291495899577,17.171715359490662,1.4858149588047307
592,3,team_1,46774,46776,46776,3,1.4414230367852217,1.4835746839438249,1.4560974417673591,18.655031390212173,1.9461307927880338,18.809308840221828,2.0390540753751387
593,3,team_1,46778,46780,46785,8,1.1337321833835918,1.4637779860478937,1.314172486528384,18.799159713080506,2.0184438112388885,19.26642184584545,2.1556635415083396
594,3,team_1,46791,46793,46802,12,0.37403283831001694,1.4976261602035925,0.9952593382316395,19.452629394354297,2.1947958375699987,20.212620810774258,6.074492488270276
595,0,team_1,46844,46846,46900,57,0.469332052818155,1.1985402947968762,0.8195208276348097,22.54534953426955,15.842577380177316,27.380725100879754,16.51429162716183
596,32,team_1,46928,46930,46942,15,0.07643129329354896,1.3816555863895288,0.8181012556747291,30.11814807406635,7.5558746137826915,30.71067483393922,6.041116193354431
597,32,team_1,46949,46951,46977,29,0.7977982418140919,1.392143729291025,1.117848878135228,30.44049006740894,6.02012622292882,29.555248673101897,6.291719743437569
598,32,team_1,46989,46991,46999,11,1.0856064933633542,1.485045419207711,1.2474622695057673,29.483095904427792,6.45029740574818,29.52219273206236,6.589324525723065
599,32,team_1,47001,47003,47003,3,1.2582166223022668,1.448359238118337,1.3768660882338903,29.540197375016998,6.559743365888091,29.661479549631856,6.4492816611431305
600,32,team_1,47019,47021,47031,13,0.7751760308513219,1.4802605622566087,1.1867502086181736,31.00553148175406,6.462788507962105,31.604708608903273,6.379477260829335
601,20,team_0,47040,47042,47047,8,0.20959107245203815,1.3701546789685544,0.7273527949396517,31.593378724662458,7.53176856321418,31.38928051171866,9.019895818191987
602,14,team_0,47052,47054,47069,18,0.6987226883227486,1.467287061297683,0.9643339486967609,31.241561264179563,10.020455177719946,30.991176732270826,12.671306556170418
603,0,team_1,47083,47085,47100,18,0.7755891840447777,1.2747899592615402,1.0150449505191377,30.70321723932773,14.60385659410855,31.533194955857315,15.031423637360316
604,2,team_0,47125,47127,47127,3,1.0375809979965462,1.2617317512371167,1.1338833877531593,33.86806782304064,17.936085055888384,34.05480214204394,18.01423286353095
605,2,team_0,47133,47135,47135,3,1.105490219883504,1.1294814672514513,1.119529765210267,34.419052074361964,18.849983548695903,34.41037040471414,19.28344339406233
606,3,team_1,47681,47683,47683,3,1.0486359493019322,1.230540114412654,1.1327172124334808,26.18379231468789,6.555659850716882,26.508564999087515,6.6071222198285655
607,0,team_1,48206,48208,48241,36,0.12246273779078715,1.2132665106433342,0.5141004404822564,10.630937425608044,15.867169400745208,13.026710986908363,18.03716119798158
608,0,team_1,48246,48248,48286,41,0.25456092322848306,0.7298279440515865,0.5193292507565117,14.033327274006037,18.22849814741879,18.66838723920316,19.58953719288058
609,12,team_0,48351,48353,48357,7,0.4264344604757581,0.5775263374944617,0.4959050612409257,25.314134471076823,19.416509265187443,25.354014217499188,19.132845106028675
610,12,team_0,48362,48364,48399,38,0.5681566760257484,1.2620653604326137,0.9978553916417103,25.379007237717406,18.91989198170829,24.969403998525387,16.694155911872077
611,1,team_1,48443,48445,48447,5,1.1636312136451172,1.374333785170935,1.217660549982027,19.717465405875775,11.905650334833966,19.305438041003427,11.715725122353186
612,1,team_1,48452,48454,48464,13,1.1968455005830874,1.4880947527314443,1.3240764250586141,19.62689426293667,11.370654055568897,20.486825131915275,10.598610636651353
613,32,team_1,48495,48497,48522,28,0.1434899629472949,1.4965926826675657,0.9380570870369845,23.892490350890462,7.328471546712517,25.749928716619944,5.95552813047878
614,32,team_1,48525,48527,48532,8,1.4219717979932223,1.470251607040652,1.4428100379326496,25.861179505883545,6.013050780759407,26.4002137674455,6.032404973264513
615,32,team_1,48542,48544,48552,11,1.1356902280466525,1.480288372525084,1.3773686341128715,26.9977029271065,5.924494870030097,27.65092183327544,5.731688863801148
616,32,team_1,48569,48571,48572,4,1.2921713790739833,1.4705272332503572,1.3606595490740618,29.097325848809092,4.867991893610895,29.421814086237042,4.624688306207888
617,32,team_1,48756,48758,48759,4,0.6149278646493377,0.9435232841133558,0.79808132955493,32.807709725099485,1.4857806727401515,32.799182292749066,1.4965544801654658
618,32,team_1,48800,48802,48816,17,0.5859829728836623,1.2024831069197188,0.7813150250827211,32.77735472078556,1.5162993671707012,32.963064068381925,1.3086447695618568
619,1,team_1,48858,48860,48862,5,1.008003311214322,1.4252040125857066,1.1892958999093277,27.839796068254316,3.8948717309317944,27.399444697441403,4.064067096249872
620,1,team_1,48866,48868,48888,23,0.9076744346402847,1.4370195097120413,1.1689254439466812,27.45304930277078,4.016164762782305,28.01847844676867,4.269958334823706
621,1,team_1,48909,48911,48912,4,0.3902472057334067,1.3591144736429503,0.8303377087786391,29.550694945225025,3.9116525324441866,29.897628775803703,3.6676208000773642
622,4,team_0,49058,49060,49066,9,1.3705169162037913,1.49618370590371,1.4484960683564212,42.74862053880344,13.322398278421003,42.700373877380414,14.47065843799274
623,4,team_0,49068,49070,49071,4,0.8489634346544541,1.2347525297544681,1.0779024411269333,42.37834070856084,14.54078946689385,42.13823464739746,14.656820609450262
624,18,team_0,49080,49082,49136,57,0.4399553856128424,1.4216860971422407,0.9209323414634297,41.65890460159204,15.398505406776916,39.008564431455305,14.619755087163355
625,14,team_0,49376,49378,49563,188,0.4155156364490631,1.2881497351599602,0.6958612204033201,27.494959901538234,13.192635550362755,22.513403415859102,11.282663002151779
626,14,team_0,49585,49587,49603,19,0.32381102842121806,1.0800669379683108,0.42661191967251944,22.502115605172268,11.285834394440494,22.504063358514077,11.280800046613518
627,22,team_0,49616,49618,49618,3,0.5326436146578304,0.5973386816277556,0.5660445619282152,22.510371056572648,11.31060985886561,22.509906426010847,11.320891304265531
628,22,team_0,49625,49627,49628,4,0.5317403144042303,0.5559273820882027,0.545677923696718,22.506853087603748,11.308757258082755,22.505369550475326,11.321065040798185
629,22,team_0,49644,49646,49661,18,0.6066142031611326,1.0917984337798823,0.8658713385352554,22.50671106582653,11.273362970990549,22.50882398955938,11.25198618232855
630,13,team_0,49669,49671,49671,3,0.543459990926444,1.1664761764174945,0.9282069619132404,22.506619757022836,11.267727300338898,22.652226942573368,11.057394880068296
631,17,team_0,49735,49737,49739,5,1.2106488242081739,1.372877187037787,1.2993596262930551,33.5462413914915,4.067764940718409,33.85341330906566,3.9083321571053533
632,17,team_0,49765,49767,49791,27,0.5542083371267421,1.3675043757979362,0.9820419263648442,33.79391029523796,3.5728582889916938,33.43553141924049,4.084857255735819
633,1,team_1,49855,49857,49858,4,1.1129057249458028,1.4720530437326498,1.3146154552430154,24.334624989711674,5.609330208570025,24.078687909506673,5.543161671662068
634,32,team_1,49903,49905,49906,4,0.7118124737780612,1.0320549477095158,0.8782831779516702,28.102014095606915,2.818510496724508,28.373711591576136,2.5197402365556103
635,32,team_1,49981,49983,49992,12,0.6202468343825048,1.0055132398535915,0.8307097899001638,31.05917156265353,5.2904103446353545,31.648520529410412,5.848225356282805
636,32,team_1,49994,49996,49999,6,0.9305230209911323,1.2146941635022508,1.0163652567245474,31.801700717587607,5.87952129301365,32.10509293063592,6.002061708570348
637,25,team_0,50006,50008,50011,6,0.7368309297306983,1.380838212304574,1.0263187069883408,31.529874023354694,8.295858212677713,31.814516287048157,8.582257076776214
638,0,team_1,50042,50044,50047,6,0.41641497719956355,1.1340030377776642,0.7197972115054391,31.49391124968581,13.72340941349294,31.66766146629625,14.32785503426662
639,0,team_1,50061,50063,50078,18,0.5717704536697273,0.8897749194726977,0.7134356621733962,32.639567715042034,15.86648424813764,33.52974904993262,17.637894390634415
640,0,team_1,50082,50084,50089,8,0.5563565456489679,0.9421601922167424,0.8216924991234227,33.76453042458255,18.023877801514598,34.04075943768046,18.54814392495432
641,18,team_0,50090,50092,50092,3,0.6332973783885594,0.9210435803471517,0.7892245437302111,34.057909985584665,18.61428369604005,34.082509986373786,18.880842700303326
642,0,team_1,50098,50100,50102,5,0.8009208089309288,0.9088533610311021,0.8456746295778474,34.43772290068014,19.66050047349498,34.61761858829653,20.00906405716059
643,2,team_0,50103,50105,50106,4,0.6967377342389661,0.8675075765328923,0.772026036145689,34.723868949406906,20.050173483283892,35.43479319032905,19.698104110717633
644,13,team_0,50898,50900,50914,17,0.07641130925806623,0.5313475509984793,0.2788358566791444,39.47760580971309,3.1972224510242886,39.56781581155922,2.997556310131145
645,4,team_0,50967,50969,50977,11,1.0159847631505288,1.459601437536705,1.2899873877553978,38.67346983330085,9.031283032516555,38.65450689337096,9.78371306329006
646,2,team_0,50995,50997,51000,6,0.8131192112384613,1.3831700827699167,1.0523399824851676,38.61610230884648,12.550250244812327,38.795162127967,12.57028906515737
647,2,team_0,51004,51006,51022,19,0.7322407554844657,1.0198182751631006,0.9274081554331578,38.77031602482508,12.607612026190194,38.617866269139,12.283585828085295
648,2,team_0,51024,51026,51050,27,1.000488380199594,1.3572544557843282,1.2243220079451118,38.51590589447712,12.176229481807903,38.9249842326278,11.96105580885492
649,15,team_1,51152,51154,51157,6,1.071993471207804,1.3128853479730536,1.1818897386074134,33.66431798362812,9.600177176804893,33.496413676936776,9.696059420191844
650,11,team_1,51161,51163,51164,4,0.5567489132217873,1.4123159910575842,0.8274527470181099,31.73600497802227,12.145624369184896,30.54823587253912,13.790356265648741
651,11,team_1,51170,51172,51176,7,1.0563869534935828,1.4798884399839562,1.1860537002446478,30.34518056207265,13.804135057898641,30.00205712982455,13.714246583886277
652,11,team_1,51189,51191,51202,14,0.7381988272692046,1.4283136544294095,1.033064403719618,30.33076233346428,14.325928817030801,32.220807183195056,12.458333804573524
653,12,team_0,51224,51226,51229,6,1.1890640661762708,1.4348294882428443,1.3106676642394786,33.93769841331906,10.320768395488093,33.82113895996512,10.389670921534085
654,12,team_0,51256,51258,51258,3,1.0672932945185218,1.1075744821055922,1.090475916610107,33.75908380853826,9.75267083629799,33.77958488654282,9.6929785833571
655,11,team_1,51281,51283,51290,10,0.3631284877395539,0.8172529880881214,0.5133383414804323,32.808694181344464,10.091333652590068,32.478135793727795,10.091802382033348
656,10,team_0,51291,51293,51303,13,0.4904046022835936,0.7369615659203295,0.6109018670354588,32.43190464587994,10.120056296177923,32.00987054217489,10.577765843663872
657,10,team_0,51326,51328,51337,12,0.8928751081781254,1.1608123978724543,1.0214703966073222,28.744365722439476,9.99538367226519,27.43039749195102,9.487663382895764
658,10,team_0,51357,51359,51383,27,0.07132508532011476,0.9865073867637364,0.6211853879081194,26.685234220599916,8.78908161371856,25.140896167161472,10.656147265530985
659,5,team_0,51384,51386,51392,9,0.7696449939019792,1.09224084196841,0.9632685201901187,25.129981783352246,10.663013034453927,24.535646961648833,10.912086435810496
660,0,team_1,51437,51439,51452,16,0.39959250315378536,1.4985167268613986,0.9257217017814049,16.946305284315972,14.42904529799961,17.13868698124222,14.63597198466298
661,0,team_1,51456,51458,51464,9,1.3910998365930696,1.4958164597737529,1.4513400736605935,17.275277248707948,14.661471114398342,17.26057679165666,14.721550569454248
662,0,team_1,51466,51468,51468,3,1.406154679483275,1.4767683835966083,1.4490011053218144,17.292592984119466,14.70124490486228,17.256329899249515,14.755313958539265
663,0,team_1,51475,51477,51485,11,0.29613449222097515,1.0769697449764295,0.6595039824138401,17.323419474727853,14.82360024429931,17.683151352184872,15.591572873220036
664,5,team_0,51486,51488,51496,11,0.5214685051036171,0.8651528646112462,0.6432998195901773,17.718155057603973,15.647602285109379,18.230612099313717,15.943248343698642
665,0,team_1,51500,51502,51517,18,0.560960153759146,1.1776615864064388,0.8535560643513381,18.479409707573392,16.02224795862481,19.396325081102518,16.290948275227528
666,0,team_1,51520,51522,51590,71,0.19451838961218512,0.7524260462884272,0.4912751818669481,19.58119451035116,16.34840504116633,26.674808895361288,19.29198512841367
667,10,team_0,51591,51593,51593,3,0.2897630880560054,0.31737351356683347,0.30158720551928503,26.769502560133596,19.355749183267463,26.9520884146471,19.455927559443555
668,0,team_1,51594,51596,51607,14,0.20676265359433135,0.3564640320454303,0.2818634679827083,26.99579636284634,19.507910952184123,27.588477773366765,20.5998813353674
669,10,team_0,51608,51610,51610,3,0.12645193778866656,0.2949949777722861,0.20033692840417758,27.618233912366538,20.708381007243656,27.677141343000642,20.92617790613963
670,5,team_0,51702,51704,51705,4,0.1958896974685206,0.3865487714401008,0.2512207296600722,29.975727054032447,22.165954205675995,30.0064726513796,22.1612663953094
671,10,team_0,51706,51708,51714,9,0.18192090707062247,0.33633043342968044,0.2571269630717554,30.49314805578762,22.6042598072041,30.436577789297996,22.485764584232083
672,11,team_1,52375,52377,52380,6,1.2909235160089938,1.446362913138881,1.3841755957334956,35.39681875537876,6.8534001818708745,35.40290159355046,6.816099504151449
673,15,team_1,52595,52597,52612,18,0.5224416258398498,0.6089442211365045,0.5613724445607463,34.79645823837096,1.3627292200027625,34.777586046235825,1.5166959646508957
674,1,team_1,52679,52681,52723,45,0.6782481046271632,1.4144349735060173,1.0949243499964034,29.05155357855444,7.229090768389302,29.338119983382875,7.204404822448483
675,1,team_1,52736,52738,52752,17,0.6709027902949486,1.1688281462456451,0.9597073508986005,29.56547787791662,7.080442233727309,29.479504178336224,7.03337655497684
676,23,team_1,54048,54050,54050,3,0.9476861552487957,1.3564814303478945,1.1038598752164932,18.59919063326666,11.131929650367981,18.571533635232903,10.95733358762593
677,23,team_1,54058,54060,54090,33,0.5582388332524699,1.399129436063041,1.0994628708548286,19.309501313774682,11.017041371747089,21.973364824279738,12.03132157618454
678,6,team_1,54119,54121,54128,10,1.017150790299115,1.4398776222268708,1.2050485348805753,23.2695003764346,9.375100212960126,23.636920506684625,8.755339338116078
679,6,team_1,54162,54164,54188,27,0.5607097473979232,1.3960896163483598,1.1831947542344567,27.10708024452428,8.528701837237733,29.418934338417372,8.515845112551949
680,16,team_1,54226,54228,54237,12,0.5847830186450502,1.2633402314823845,0.9581947872358548,31.64259123612051,4.094998679651122,31.75864934773334,4.0909127498618405
681,16,team_1,54266,54268,54268,3,0.8963110470896954,1.2960871773074845,1.1459122678644478,32.37767834375684,4.506858674910304,32.27540043931648,4.931677239134987
682,20,team_0,54269,54271,54282,14,0.2816716558640018,1.4660770113663992,0.6801772319852003,32.082614931195,5.502500484650607,31.486839793890784,7.893997643959295
683,1,team_1,54325,54327,54327,3,1.2854935148155606,1.3967801147555408,1.3316633376693845,30.627627018220686,12.720100872780623,30.64569548392643,12.780494627239987
684,1,team_1,54341,54343,54370,30,0.10528537155992787,0.9980674230489175,0.5634916576308392,29.993421644583076,13.109320652679186,29.512378247118804,15.79153271670071
685,18,team_0,54371,54373,54379,9,0.4055739607637274,0.5359795020543755,0.46097964615675885,29.50452190827727,15.907603547484502,29.458375028764223,16.239094537319783
686,10,team_0,54380,54382,54382,3,0.52032018231539,0.6780793406417714,0.6089819444609238,29.39657354203591,16.23578369168426,29.352834720724566,16.266925695178664
687,0,team_1,54383,54385,54414,32,0.16343416008767012,1.37070730537606,0.7911513663817691,29.337970787271935,16.266772141381573,28.541812446686613,15.462710415761375
688,0,team_1,54420,54422,54423,4,0.7636956610213967,1.2789010636613685,1.0579778308809429,28.48060162750093,15.224708142237727,28.39551839978065,15.007869978756695
689,0,team_1,54460,54462,54473,14,0.829501588860749,1.0323762602015003,0.9513863747330031,28.32364954551801,14.335502299835143,28.50521002207278,14.270401027817815
690,12,team_0,54484,54486,54488,5,1.3880771964191438,1.4979956604398503,1.4355900338621712,29.518303958887508,14.422935743446867,29.759166025094572,14.473824402014563
691,2,team_0,54490,54492,54506,17,0.23043331963627736,1.4857783406482388,0.858765747418339,29.96395483365982,14.487850926049418,31.249290772734174,13.975705876845243
692,32,team_1,54767,54769,54785,19,0.23599767019386594,0.8763700962085056,0.6192333676486607,18.64541300636745,-0.4829565295398617,18.85695344956982,-0.11600976472209959
693,32,team_1,54794,54796,54834,41,0.6427294179495802,1.3213712395513666,0.9615052095042914,18.908603047933838,-0.09810381906160628,18.960175015471787,0.08169880775921805
694,12,team_0,54857,54859,54859,3,1.433331840765696,1.4933280147645935,1.468376066746534,18.9632201220086,0.125313093512636,18.96229150242815,0.13022692327663124
695,12,team_0,54870,54872,54880,11,1.4177252896179016,1.48262029560808,1.4464390302183217,18.95244736831486,0.06734276995179858,18.933221454286706,0.06700522085423442
696,12,team_0,54921,54923,54923,3,1.4169137316522207,1.4741241164364334,1.4515064192378027,18.94007296167199,-0.0028397500382478656,18.915710027231913,-0.11545666035148074
697,12,team_0,54976,54978,54995,20,1.1333248729259706,1.4497533804508071,1.291562383992725,18.878122761555424,-0.34947584178714586,18.774983016157176,-0.35310523966951424
698,12,team_0,55010,55012,55012,3,1.4441761774712445,1.483988984691248,1.4697032386193145,18.738742074879468,-0.3967752042673008,18.83515940759466,-0.4281658104407545
699,12,team_0,55016,55018,55026,11,1.3852371727574762,1.4989100416854368,1.4450268438573899,18.802348816325285,-0.330746021750893,18.797379643512734,-0.16162874847539496
700,12,team_0,55037,55039,55040,4,1.4459834947305412,1.4775388275475352,1.4593095609489901,18.833057135536006,-0.007395298035756125,18.812377570439175,-0.053172960426062045
701,12,team_0,55045,55047,55048,4,1.427231041938778,1.4579234927628741,1.4414452231036416,18.797689978372514,-0.15362957707151498,18.80447753481152,-0.11374860647476918
702,12,team_0,55052,55054,55054,3,1.45490297273732,1.4798647346420064,1.463806474912099,18.798259710972346,-0.13177398581585917,18.800008348909074,-0.12551823716645463
703,10,team_0,55086,55088,55088,3,1.2616574629751653,1.4225439148867534,1.3548792720479057,13.737513897447476,1.5764771689547692,13.642165636252846,1.5603102803813562
704,10,team_0,55093,55095,55095,3,1.44790996462816,1.4896559612455302,1.469648674034926,13.532644777854303,1.5538083273769057,13.572135445907534,1.6814959076993616
705,2,team_0,55207,55209,55209,3,1.3402950479038271,1.4829239967365253,1.4004703759529313,8.659524302624298,3.084830032292948,8.454803522796679,3.1879584630853737
706,8,team_1,55346,55348,55383,38,0.5447018474463651,1.4300596313855127,0.9927055396868788,-0.39480917334997867,14.504096767933321,0.5665021442435877,13.814498887740037
707,2,team_0,55396,55398,55400,5,1.2143945228426667,1.3686872680497928,1.279048603779717,0.4515578917759236,14.65052668369319,0.5247791902653793,14.789785224469878
708,38,team_1,55402,55404,55417,16,0.6489398059821506,1.1937826129274234,0.7716250399413394,0.6408632579442928,14.844293714835906,0.8859996909854186,14.92777636296192
709,2,team_0,55418,55420,55439,22,0.8788173946081063,1.236965013506437,1.0759489961264905,0.9466938341543857,14.967397450935913,1.4232979505567915,15.413163950459783
710,14,team_0,55768,55770,55771,4,0.9080593979782998,0.9378687053255496,0.9185403241661404,21.581272889901097,16.778732571113768,21.582249678135906,16.778453612285432
711,12,team_0,56852,56854,56856,5,1.214917207869262,1.2494052952886654,1.2330907593789113,26.019062314176946,0.14502160069750733,25.91688369373709,0.267654246571971
712,12,team_0,56865,56867,56869,5,1.1979473932278333,1.2457692550167425,1.2296450158518284,25.67553282568008,0.2370879379158627,25.611186192401124,0.30918043171317683
713,12,team_0,56903,56905,56926,24,1.100845389510935,1.4218091394503445,1.2789191645421105,24.62876502472633,0.6868868367799399,23.739172384349338,0.7342322235456321
714,12,team_0,56962,56964,56980,19,1.180183761950187,1.466004166837601,1.3249795788595076,23.413146348695186,0.2523808088345215,23.410955651782405,0.14011609903175762
715,2,team_0,57491,57493,57494,4,0.14068667027641535,0.5106844736537114,0.28688465013876896,12.274562632565836,6.317312546147235,12.4856497282103,6.486389487377184
716,1,team_1,57496,57498,57498,3,0.6328558983246795,0.7187708056132115,0.6705877058443561,12.634591732597508,6.628856588436598,12.70632224218965,6.702643204636273
717,2,team_0,57499,57501,57501,3,0.4589888590856974,0.7231366100585145,0.6126009642710999,12.741943829065507,6.73931713561694,12.85007188032359,6.819036781930919
718,1,team_1,57502,57504,57506,5,0.5958106934601102,0.774666166091696,0.691793658999473,12.918540968343546,6.8825380193172006,13.11892733586641,7.063376650668088
719,2,team_0,57507,57509,57510,4,0.4745780356120053,0.5952869554679087,0.5160852263620866,13.181791336722439,7.115955559919076,13.277253389809328,7.19533808278824
720,1,team_1,57511,57513,57521,11,0.5370039477180737,0.8500107106759176,0.6853249354777309,13.33312789328682,7.2408506238579315,13.71806902242967,7.515661943201378
721,1,team_1,57535,57537,57538,4,0.29126295179755896,0.5685054936420698,0.426985355209309,14.108540109143114,8.05055533007746,14.183215615815538,8.19711743879684
722,1,team_1,57545,57547,57566,22,0.4639673616609109,1.2026603929936823,0.7788935520068687,14.341392522749263,8.449384422055484,14.601498963042664,8.590501880756932
723,3,team_1,57569,57571,57575,7,0.8127834620787241,1.2629170864766937,1.113255801820508,14.710529362715802,8.496451768445183,14.88624725430167,8.389785151712431
724,2,team_0,57576,57578,57578,3,1.0215615719742361,1.28694422971468,1.177566345268831,14.917272919280203,8.39268098285611,14.930844133137953,8.36065528669259
725,1,team_1,57696,57698,57699,4,0.35640583169839746,1.4293860616303609,0.9695335496842986,11.95380855203872,0.2926589006331905,11.800363945466325,0.2748539792090079
726,16,team_1,57721,57723,57723,3,0.8019328960177027,1.3240807837667008,1.0171309550829297,10.351840220194843,0.49062393135016735,10.236918399909053,0.5555789231760796
727,3,team_1,58040,58042,58045,6,0.9432848569274783,1.348291991717398,1.204527335323356,0.6008066861312367,7.086103561113859,0.4119931732422857,7.6089509869595275
728,11,team_1,58192,58194,58195,4,1.0931448988279986,1.4856168313430536,1.2847175755431728,10.826764275544097,13.841416907676955,12.012889254854038,15.094979583836361
729,12,team_0,58196,58198,58206,11,0.1423973896371285,0.8936512763761988,0.6405619613316822,12.571587015526013,15.699666927158196,14.186415531492246,17.292295413409033
730,12,team_0,58209,58211,58217,9,0.02532314481102912,0.7516924125741771,0.3640001778596167,14.776914950156547,17.891910851666506,15.651106458792329,18.702191572087997
731,12,team_0,58221,58223,58223,3,0.6584830132801236,0.6692637563707674,0.663451288494251,16.146687635484813,19.193132504673677,16.28005040622594,19.327467101806462
732,2,team_0,58226,58228,58235,10,0.24128159986611897,0.5608040133598154,0.3367099305330297,16.66726642905946,19.70507070503812,17.501840710187583,20.275818556205095
733,1,team_1,58327,58329,58339,13,0.9105417587226652,1.4445412224340084,1.1725264904349542,26.978855578074207,20.11456025940569,27.04044709853582,20.30898684554231
734,0,team_1,58369,58371,58382,14,0.3505055245301295,0.9827895511739876,0.5414126037624801,27.15884374090748,17.611035370628233,27.426000351111536,16.418449617670465
735,3,team_1,58417,58419,58419,3,0.8288891539789806,0.8663261488484958,0.851501791567144,28.282339979369034,14.460224491503118,28.3764696698682,14.324160717223597
736,18,team_0,58420,58422,58424,5,0.8517315375760902,1.3789758446746427,1.0768822725448621,28.48261110329275,14.229473790579423,28.8106566404379,13.974835470388948
737,6,team_1,58458,58460,58461,4,0.33847609686410596,1.4883792530820175,0.7977450972558082,31.67401448939042,13.133793726382919,31.84698731940548,13.12845876974258
738,14,team_0,58466,58468,58472,7,1.2231796714314802,1.3373782379115937,1.249120992144993,32.20322071340019,13.105091510674592,32.601863029978865,13.097943349369027
739,23,team_1,58584,58586,58587,4,1.318959114250988,1.4156198966379414,1.3500042888695625,20.193154331286802,5.329444081863055,19.938320354603114,5.292693010737429
740,23,team_1,58590,58592,58592,3,0.7405228701521996,1.4733981015587723,1.1698016125878101,19.545900943019156,5.420866209816958,19.274939734066884,5.4645790287331995
741,23,team_1,58596,58598,58602,7,0.8044019182226821,1.3187408491181802,1.15032178405343,18.880124094779433,5.543393395995121,18.27201156343436,5.659151608261948
742,23,team_1,58643,58645,58676,34,0.3099534419564476,1.0647086174432823,0.664897842908478,17.319182530450732,5.947815648180814,17.474243534020925,6.9356990931186235
743,6,team_1,58677,58679,58691,15,0.558462791593329,1.11884711909788,0.8038351099390079,17.4720718179663,6.980640448038958,17.733809515327497,6.540313197603189
744,16,team_1,58710,58712,58719,10,0.24728874010141327,1.0544929747083096,0.712078308069437,18.213014821263826,6.601649465863699,18.39373899018649,6.703443034239074
745,16,team_1,58725,58727,58750,26,0.028891263405835248,0.7463464992625939,0.24300087419159994,18.61696189773934,6.694678389572211,18.656492920931683,7.299987428797299
746,23,team_1,58766,58768,58771,6,0.3500098369430675,0.9256355685332394,0.6795215406171038,19.076150662603943,8.012904215056983,19.21773376911591,8.1299669241232
747,23,team_1,58775,58777,58781,7,0.35844419281271456,0.6034583647425594,0.4665834387463586,19.325440325331495,8.319080940844808,19.518187838783046,8.646295506938372
748,11,team_1,58782,58784,58785,4,0.500343404379358,0.5645761841478341,0.5286656040727138,19.552095929425192,8.700585104789608,19.608323758931736,8.756129849971689
749,23,team_1,58794,58796,58817,24,0.36135237828935535,0.8320540684554015,0.5626162766168898,20.6302397556163,9.546972625627292,22.253624714423587,11.06248787502192
750,0,team_1,58994,58996,58996,3,1.0594877734993902,1.1025485490232372,1.0794278751393032,30.35454669162696,22.915459891026007,30.384507470079193,22.870229400900623
751,5,team_0,59019,59021,59024,6,0.20957780097119208,0.9738252275185716,0.5369059836865445,29.839384669467357,23.149517176926544,30.43192683841754,22.57734181249277
752,5,team_0,59030,59032,59044,15,0.9601580604680929,1.029152645076015,0.9959845409235416,30.432784581457533,22.468281951873212,30.319774358864066,22.9318032812536
753,5,team_0,59060,59062,59066,7,0.12874107516626287,1.0134000476243716,0.26913880335018264,30.54616739821386,22.054806676877526,29.60307617670875,23.494813526327718
754,5,team_0,59083,59085,59085,3,0.9983248038480758,1.0184878355004943,1.0115799635062215,30.41121817415614,22.860052045451145,30.426709457081387,22.77935385093793
755,5,team_0,59089,59091,59092,4,0.9203142079991561,0.9368304507565238,0.9270411303797449,29.956064157291447,22.31966072000063,29.87661626092482,22.583984124933966
756,5,team_0,59100,59102,59104,5,0.27707077793187,0.6691448507608151,0.5519306299827995,29.7690771784165,22.710379503803523,29.87245681913939,23.007891187214945
757,19,team_1,59353,59355,59399,47,0.11325626739083959,1.1045939200920827,0.46521452368859184,23.33796714759858,17.88655694968128,22.806170381831947,17.546239487567842
758,26,team_1,59504,59506,59509,6,1.1144175928197115,1.3971026373972166,1.236259437827487,21.209015344085028,16.18608269749618,21.52326819058621,15.613792167497499
759,26,team_1,59523,59525,59525,3,0.7192553009008446,0.8321166920053947,0.7654436887470654,22.459609444935445,14.429362698045988,22.51044062856741,14.297765902983986
760,6,team_1,59537,59539,59556,20,1.0528283264376077,1.4509124155507576,1.2647418880587447,23.28865305171915,13.317152473870447,24.99606785329739,12.014205018204493
761,6,team_1,59584,59586,59587,4,1.2846687905553786,1.3694123764130348,1.3211324614783222,27.24730260879538,10.863870130162029,27.387469310316,10.710021948878412
762,32,team_1,59767,59769,59777,11,0.7487542186495704,1.169700040023205,0.8755627414709394,30.44015892701774,1.8453835663313982,30.33664704070985,1.7150219030631004
763,16,team_1,59778,59780,59790,13,1.1703657433571828,1.379843021537067,1.2476746863191084,30.30718882369548,1.751560526770831,30.20067398643348,1.715754172981471
764,16,team_1,59795,59797,59808,14,0.5149646862011515,1.4467167871578763,1.020633318340191,30.139449427405246,1.654707454185541,28.79127911553385,4.191170862445429
765,1,team_1,59831,59833,59838,8,1.1324075618785887,1.4495205800543258,1.2983409548418023,27.29247190759223,7.373700736387672,27.05534535812779,7.3266754582936215
766,1,team_1,59856,59858,59886,31,1.073778563769027,1.385611873421506,1.232438063347557,26.69229651676883,6.547224803955764,26.26164430861974,5.449679524918539
767,1,team_1,59890,59892,59931,42,0.7833417206841031,1.281213345786055,1.0979560984901564,26.324820856409737,5.458055130893664,26.831306135435355,5.49319320198754
768,1,team_1,59938,59940,59948,11,0.9093661579579063,1.1309454850414178,1.0366461884300924,26.94590956876115,5.613889572366356,27.134232265830537,5.501949977130744
769,1,team_1,59967,59969,59972,6,0.6956329498432475,1.0331635249043005,0.8263995885533176,27.267054630592515,5.421311040241272,27.23256935064549,5.468467559065486
770,1,team_1,59981,59983,59987,7,0.5826518121438788,0.9116005733406118,0.6875934986957929,27.345037719229644,5.7379521116501575,27.423275397722907,5.816471777318741
771,1,team_1,59992,59994,60004,13,0.29498785186967524,0.955281826411738,0.6534578779043088,27.43361610363334,6.087461828060632,27.268270036639912,7.299212062618848
772,1,team_1,60009,60011,60036,28,0.04668075913257254,0.5082704506306097,0.2556801728224136,27.219166871508722,7.984696512576609,26.943478420605047,11.426344567731238
773,1,team_1,60044,60046,60096,53,0.5586779844403456,1.0978123045629335,0.8006032398097818,27.436099314746116,12.865256127979233,28.78083929341736,21.071479349299405
774,1,team_1,60118,60120,60122,5,0.9021749492634102,1.1256700037003857,0.9690976835024643,29.666309443426716,22.383166815453468,30.153422655152188,22.968640152243044
775,1,team_1,60127,60129,60129,3,0.6381382763447322,0.7967246813369732,0.7029082002866197,30.547159995564794,21.969620350190752,30.672297045076757,21.803114818080743
776,1,team_1,60140,60142,60142,3,0.19136940892988633,0.31827280455530554,0.24561992905610683,29.680074168131142,22.839906396646573,29.672648291520694,22.871492935280205
777,12,team_0,60162,60164,60165,4,0.32000298106591885,1.0274380886532768,0.6573605773422212,32.65289167975746,15.159627387187834,31.22559277906007,16.747557209745306
778,0,team_1,60699,60701,60930,232,0.015308538436817544,1.319180888871348,0.5165560079711446,15.979245033479582,20.257243810090785,23.464591643767847,18.642222597567635
779,0,team_1,60934,60936,60945,12,0.564759420903446,1.4604357772810046,1.1196903572772556,23.626668901137595,18.376572206111426,24.08309648945489,17.145685600196874
780,0,team_1,60950,60952,60953,4,1.3687088881742377,1.49840858296448,1.4383787766261893,24.291233779934675,16.60395587869054,24.394324328020144,16.28870141578971
781,0,team_1,60957,60959,60974,18,0.7271480967674179,1.205191618539235,0.8966151830748452,24.554032578705595,15.965822137151278,25.23840151393938,14.736120336298196
782,5,team_0,60988,60990,60992,5,0.4331612695667437,0.550948902499088,0.4944887993133144,26.406326823497775,15.03138165224176,26.637669313847564,15.153990194252113
783,23,team_1,61029,61031,61039,11,1.1737820897764204,1.3536635908985706,1.2680163271860605,30.955338087715592,18.294001114150404,31.915822741378147,18.995712308840083
784,20,team_0,61047,61049,61059,13,0.7691975526767073,1.4919722515012421,0.9972937310612343,32.5336001678069,19.453034480304837,33.780103064253815,18.058345371315095
785,3,team_1,61113,61115,61115,3,1.1041542564677211,1.1909720379336637,1.160867562917259,35.48045018362838,14.805625498911656,35.438996519832344,15.018053211734657
786,6,team_1,61197,61199,61219,23,0.8295178825018843,1.4503585719429124,1.0641977200022372,22.939316816736092,13.817374867434758,20.50997572642223,13.370743373077216
787,6,team_1,61229,61231,61291,63,0.17558549426796566,1.4276772898985879,1.0854923916529047,19.389649874399005,13.788408370855615,14.109242911678896,15.68295960568068
788,22,team_0,61418,61420,61421,4,1.297601373653581,1.4616166750376303,1.3459930759568737,10.421939434859627,18.374425488555534,10.471708462327946,18.178187986529192
789,3,team_1,61422,61424,61424,3,0.7863638170996811,1.008240714809459,0.8701602562708528,10.483991845652003,18.069264700192488,10.63817936142295,18.05617118586053
